id,show_name
BD30-604,DXP-604
BD45-21,BRII-196
BD45-70,BG7-15
BD45-105,S2H97
BD45-145,C576
BD45-147,C581
BD45-152,LY-CoV1404
BD45-158,Ehling_mAb-50
BD45-228,COV2-2046
BD45-231,COV2-2068
BD45-277,COV2-2258
BD55-1205,BD55-1205
BD55-3372,BD55-3372
BD55-4637,BD55-4637
BD55-5483,BD55-5483
BD55-5514,BD55-5514
BD55-5840,BD55-5840
CP-mh-0224,BD60-0224
CP-mh-0266,BD60-0266
CP0199,BD58-0199
CP0200,BD58-0200
CP0206,BD58-0206
CP0207,BD58-0207
CP0265,BD58-0265
CP0278,BD58-0278
CP0280,BD58-0280
CP0352,BD58-0352
CP0365,BD58-0365
CP0427,BD58-0427
CP0430,BD58-0430
CP0459,BD58-0459
CP0497,BD58-0497
CP0499,BD58-0499
CP0513,BD58-0513
CP0516,BD58-0516
CP0537,BD58-0537
CP0590,BD58-0590
CP0592,BD58-0592
GC0021,BD57-0021
GC0027,BD57-0027
GC0033,BD57-0033
GC0056,BD57-0056
GC0066,BD57-0066
GC0101,BD57-0101
GC0102,BD57-0102
GC0103,BD57-0103
GC0104,BD57-0104
GC0105,BD57-0105
GC0106,BD57-0106
GC0107,BD57-0107
GC0108,BD57-0108
GC0110,BD57-0110
GC0111,BD57-0111
GC0112,BD57-0112
GC0113,BD57-0113
GC0114,BD57-0114
GC0115,BD57-0115
GC0116,BD57-0116
GC0117,BD57-0117
GC0118,BD57-0118
GC0119,BD57-0119
GC0120,BD57-0120
GC0122,BD57-0122
GC0124,BD57-0124
GC0125,BD57-0125
GC0126,BD57-0126
GC0127,BD57-0127
GC0128,BD57-0128
GC0129,BD57-0129
GC0130,BD57-0130
GC0131,BD57-0131
GC0132,BD57-0132
GC0133,BD57-0133
GC0134,BD57-0134
GC0136,BD57-0136
GC0137,BD57-0137
GC0139,BD57-0139
GC0140,BD57-0140
GC0141,BD57-0141
GC0142,BD57-0142
GC0143,BD57-0143
GC0144,BD57-0144
GC0145,BD57-0145
GC0146,BD57-0146
GC0147,BD57-0147
GC0148,BD57-0148
GC0149,BD57-0149
GC0150,BD57-0150
GC0151,BD57-0151
GC0152,BD57-0152
GC0153,BD57-0153
GC0154,BD57-0154
GC0155,BD57-0155
GC0156,BD57-0156
GC0157,BD57-0157
GC0158,BD57-0158
GC0159,BD57-0159
GC0160,BD57-0160
GC0161,BD57-0161
GC0162,BD57-0162
GC0163,BD57-0163
GC0164,BD57-0164
GC0165,BD57-0165
GC0167,BD57-0167
GC0168,BD57-0168
GC0169,BD57-0169
GC0170,BD57-0170
GC0171,BD57-0171
GC0172,BD57-0172
GC0173,BD57-0173
GC0174,BD57-0174
GC0175,BD57-0175
GC0176,BD57-0176
GC0177,BD57-0177
GC0178,BD57-0178
GC0179,BD57-0179
GC0180,BD57-0180
GC0181,BD57-0181
GC0182,BD57-0182
GC0183,BD57-0183
GC0184,BD57-0184
GC0185,BD57-0185
GC0186,BD57-0186
GC0187,BD57-0187
GC0188,BD57-0188
GC0189,BD57-0189
GC0190,BD57-0190
GC0191,BD57-0191
GC0192,BD57-0192
GC0193,BD57-0193
GC0194,BD57-0194
GC0195,BD57-0195
GC0196,BD57-0196
GC0197,BD57-0197
GC0198,BD57-0198
GC0200,BD57-0200
GC0201,BD57-0201
GC0204,BD57-0204
GC0205,BD57-0205
GC0206,BD57-0206
GC0207,BD57-0207
GC0208,BD57-0208
GC0209,BD57-0209
GC0210,BD57-0210
GC0212,BD57-0212
GC0213,BD57-0213
GC0215,BD57-0215
GC0216,BD57-0216
GC0217,BD57-0217
GC0218,BD57-0218
GC0220,BD57-0220
GC0222,BD57-0222
GC0223,BD57-0223
GC0224,BD57-0224
GC0225,BD57-0225
GC0226,BD57-0226
GC0227,BD57-0227
GC0228,BD57-0228
GC0230,BD57-0230
GC0231,BD57-0231
GC0235,BD57-0235
GC0236,BD57-0236
GC0237,BD57-0237
GC0239,BD57-0239
GC0240,BD57-0240
GC0241,BD57-0241
GC0242,BD57-0242
GC0243,BD57-0243
GC0244,BD57-0244
GC0245,BD57-0245
GC0246,BD57-0246
GC0247,BD57-0247
GC0248,BD57-0248
GC0250,BD57-0250
GC0253,BD57-0253
GC0254,BD57-0254
GC0255,BD57-0255
GC0256,BD57-0256
GC0257,BD57-0257
GC0258,BD57-0258
GC0259,BD57-0259
GC0260,BD57-0260
GC0261,BD57-0261
GC0262,BD57-0262
GC0263,BD57-0263
GC0264,BD57-0264
GC0265,BD57-0265
GC0266,BD57-0266
GC0267,BD57-0267
GC0269,BD57-0269
GC0270,BD57-0270
GC0271,BD57-0271
GC0272,BD57-0272
GC0274,BD57-0274
GC0277,BD57-0277
GC0279,BD57-0279
GC0281,BD57-0281
GC0282,BD57-0282
GC0283,BD57-0283
GC0285,BD57-0285
GC0286,BD57-0286
GC0288,BD57-0288
GC0290,BD57-0290
GC0291,BD57-0291
GC0293,BD57-0293
GC0295,BD57-0295
GC0296,BD57-0296
GC0297,BD57-0297
GC0298,BD57-0298
GC0299,BD57-0299
GC0300,BD57-0300
GC0301,BD57-0301
GC0302,BD57-0302
GC0303,BD57-0303
GC0304,BD57-0304
GC0305,BD57-0305
GC0306,BD57-0306
GC0307,BD57-0307
GC0308,BD57-0308
GC0309,BD57-0309
GC0310,BD57-0310
GC0311,BD57-0311
GC0312,BD57-0312
GC0313,BD57-0313
GC0314,BD57-0314
GC0315,BD57-0315
GC0316,BD57-0316
GC0318,BD57-0318
GC0319,BD57-0319
GC0320,BD57-0320
GC0322,BD57-0322
GC0324,BD57-0324
GC0325,BD57-0325
GC0326,BD57-0326
GC0329,BD57-0329
GC0330,BD57-0330
GC0331,BD57-0331
GC0332,BD57-0332
GC0333,BD57-0333
GC0334,BD57-0334
GC0335,BD57-0335
GC0336,BD57-0336
GC0338,BD57-0338
GC0340,BD57-0340
GC0341,BD57-0341
GC0342,BD57-0342
GC0343,BD57-0343
GC0345,BD57-0345
GC0346,BD57-0346
GC0347,BD57-0347
GC0348,BD57-0348
GC0350,BD57-0350
GC0351,BD57-0351
GC0352,BD57-0352
GC0353,BD57-0353
GC0354,BD57-0354
GC0355,BD57-0355
GC0356,BD57-0356
GC0357,BD57-0357
GC0358,BD57-0358
GC0359,BD57-0359
GC0360,BD57-0360
GC0361,BD57-0361
GC0362,BD57-0362
GC0363,BD57-0363
GC0366,BD57-0366
GC0370,BD57-0370
GC0371,BD57-0371
GC0372,BD57-0372
GC0373,BD57-0373
GC0374,BD57-0374
GC0375,BD57-0375
GC0376,BD57-0376
GC0377,BD57-0377
GC0378,BD57-0378
GC0379,BD57-0379
GC0380,BD57-0380
GC0381,BD57-0381
GC0383,BD57-0383
GC0385,BD57-0385
GC0386,BD57-0386
GC0388,BD57-0388
GC0389,BD57-0389
GC0390,BD57-0390
GC0393,BD57-0393
GC0394,BD57-0394
GC0395,BD57-0395
GC0396,BD57-0396
GC0397,BD57-0397
GC0398,BD57-0398
GC0399,BD57-0399
GC0400,BD57-0400
GC0401,BD57-0401
GC0402,BD57-0402
GC0403,BD57-0403
GC0405,BD57-0405
GC0407,BD57-0407
GC0408,BD57-0408
GC0409,BD57-0409
GC0410,BD57-0410
GC0412,BD57-0412
GC0413,BD57-0413
GC0414,BD57-0414
GC0415,BD57-0415
GC0416,BD57-0416
GC0417,BD57-0417
GC0418,BD57-0418
GC0419,BD57-0419
GC0420,BD57-0420
GC0421,BD57-0421
GC0422,BD57-0422
GC0423,BD57-0423
GC0424,BD57-0424
GC0425,BD57-0425
GC0426,BD57-0426
GC0427,BD57-0427
GC0428,BD57-0428
GC0429,BD57-0429
GC0430,BD57-0430
GC0431,BD57-0431
GC0432,BD57-0432
GC0434,BD57-0434
GC0435,BD57-0435
GC0437,BD57-0437
GC0438,BD57-0438
GC0439,BD57-0439
GC0440,BD57-0440
GC0441,BD57-0441
GC0442,BD57-0442
GC0443,BD57-0443
GC0444,BD57-0444
GC0445,BD57-0445
GC0447,BD57-0447
GC0448,BD57-0448
GC0449,BD57-0449
GC0450,BD57-0450
GC0451,BD57-0451
GC0452,BD57-0452
GC0453,BD57-0453
GC0454,BD57-0454
GC0455,BD57-0455
GC0456,BD57-0456
GC0457,BD57-0457
GC0458,BD57-0458
GC0459,BD57-0459
GC0460,BD57-0460
GC0461,BD57-0461
GC0463,BD57-0463
GC0464,BD57-0464
GC0465,BD57-0465
GC0466,BD57-0466
GC0467,BD57-0467
GC0468,BD57-0468
GC0471,BD57-0471
GC0472,BD57-0472
GC0474,BD57-0474
GC0475,BD57-0475
GC0478,BD57-0478
GC0479,BD57-0479
GC0480,BD57-0480
GC0483,BD57-0483
GC0484,BD57-0484
GC0486,BD57-0486
GC0490,BD57-0490
GC0491,BD57-0491
GC0494,BD57-0494
GC0495,BD57-0495
GC0498,BD57-0498
GC0499,BD57-0499
GC0500,BD57-0500
GC0502,BD57-0502
GC0504,BD57-0504
GC0505,BD57-0505
GC0506,BD57-0506
GC0507,BD57-0507
GC0508,BD57-0508
GC0511,BD57-0511
GC0512,BD57-0512
GC0516,BD57-0516
GC0517,BD57-0517
GC0519,BD57-0519
GC0521,BD57-0521
GC0523,BD57-0523
GC0529,BD57-0529
GC0532,BD57-0532
GC0533,BD57-0533
GC0538,BD57-0538
GC0539,BD57-0539
GC0540,BD57-0540
GC0541,BD57-0541
GC0542,BD57-0542
GC0543,BD57-0543
GC0547,BD57-0547
GC0548,BD57-0548
GC0549,BD57-0549
GC0551,BD57-0551
GC0552,BD57-0552
GC0553,BD57-0553
GC0554,BD57-0554
GC0555,BD57-0555
GC0556,BD57-0556
GC0557,BD57-0557
GC0558,BD57-0558
GC0562,BD57-0562
GC0563,BD57-0563
GC0564,BD57-0564
GC0565,BD57-0565
GC0567,BD57-0567
GC0572,BD57-0572
GC0573,BD57-0573
GC0575,BD57-0575
GC0576,BD57-0576
GC0577,BD57-0577
GC0578,BD57-0578
GC0580,BD57-0580
GC0581,BD57-0581
GC0583,BD57-0583
GC0585,BD57-0585
GC0586,BD57-0586
GC0587,BD57-0587
GC0590,BD57-0590
GC0591,BD57-0591
GC0593,BD57-0593
GC0594,BD57-0594
GC0597,BD57-0597
GC0606,BD57-0606
GC0608,BD57-0608
GC0609,BD57-0609
GC0610,BD57-0610
GC0611,BD57-0611
GC0613,BD57-0613
GC0618,BD57-0618
GC0623,BD57-0623
GC0624,BD57-0624
GC0628,BD57-0628
GC0629,BD57-0629
GC0640,BD57-0640
GC0645,BD57-0645
GC0646,BD57-0646
GC0647,BD57-0647
GC0658,BD57-0658
GC0660,BD57-0660
GC0664,BD57-0664
GC0668,BD57-0668
GC0669,BD57-0669
GC0679,BD57-0679
GC0684,BD57-0684
GC0685,BD57-0685
GC0687,BD57-0687
GC0689,BD57-0689
GC0690,BD57-0690
GC0691,BD57-0691
GC0693,BD57-0693
GC0695,BD57-0695
GC0700,BD57-0700
GC0702,BD57-0702
GC0704,BD57-0704
GC0706,BD57-0706
GC0711,BD57-0711
GC0721,BD57-0721
GC0723,BD57-0723
GC0724,BD57-0724
GC0728,BD57-0728
GC0741,BD57-0741
GC0742,BD57-0742
GC0743,BD57-0743
GC0744,BD57-0744
GC0745,BD57-0745
GC0746,BD57-0746
GC0747,BD57-0747
GC0748,BD57-0748
GC0749,BD57-0749
GC0750,BD57-0750
GC0751,BD57-0751
GC0754,BD57-0754
GC0758,BD57-0758
GC0762,BD57-0762
GC0763,BD57-0763
GC0766,BD57-0766
GC0772,BD57-0772
GC0777,BD57-0777
GC0784,BD57-0784
GC0785,BD57-0785
GC0787,BD57-0787
GC0791,BD57-0791
GC0792,BD57-0792
GC0793,BD57-0793
GC0796,BD57-0796
GC0799,BD57-0799
GC0800,BD57-0800
GC0801,BD57-0801
GC0802,BD57-0802
GC0803,BD57-0803
GC0805,BD57-0805
GC0807,BD57-0807
GC0808,BD57-0808
GC0812,BD57-0812
GC0815,BD57-0815
GC0820,BD57-0820
GC0822,BD57-0822
GC0829,BD57-0829
GC0830,BD57-0830
GC0832,BD57-0832
GC0839,BD57-0839
GC0841,BD57-0841
GC0842,BD57-0842
GC0850,BD57-0850
GC0852,BD57-0852
GC0858,BD57-0858
GC0860,BD57-0860
GC0861,BD57-0861
GC0874,BD57-0874
GC0875,BD57-0875
GC0876,BD57-0876
GC0877,BD57-0877
GC0878,BD57-0878
GC0881,BD57-0881
GC0968,BD57-0968
GC0979,BD57-0979
GC1035,BD57-1035
GC1061,BD57-1061
GC1090,BD57-1090
GC1111,BD57-1111
GC1128,BD57-1128
GC1131,BD57-1131
GC1132,BD57-1132
GC1134,BD57-1134
GC1135,BD57-1135
GC1136,BD57-1136
GC1137,BD57-1137
GC1138,BD57-1138
GC1139,BD57-1139
GC1140,BD57-1140
GC1141,BD57-1141
GC1142,BD57-1142
GC1143,BD57-1143
GC1145,BD57-1145
GC1146,BD57-1146
GC1149,BD57-1149
GC1150,BD57-1150
GC1151,BD57-1151
GC1152,BD57-1152
GC1153,BD57-1153
GC1154,BD57-1154
GC1155,BD57-1155
GC1156,BD57-1156
GC1157,BD57-1157
GC1158,BD57-1158
GC1159,BD57-1159
GC1161,BD57-1161
GC1162,BD57-1162
GC1163,BD57-1163
GC1165,BD57-1165
GC1166,BD57-1166
GC1167,BD57-1167
GC1169,BD57-1169
GC1171,BD57-1171
GC1172,BD57-1172
GC1173,BD57-1173
GC1174,BD57-1174
GC1175,BD57-1175
GC1176,BD57-1176
GC1177,BD57-1177
GC1178,BD57-1178
GC1179,BD57-1179
GC1180,BD57-1180
GC1181,BD57-1181
GC1182,BD57-1182
GC1183,BD57-1183
GC1184,BD57-1184
GC1185,BD57-1185
GC1186,BD57-1186
GC1187,BD57-1187
GC1188,BD57-1188
GC1189,BD57-1189
GC1190,BD57-1190
GC1191,BD57-1191
GC1192,BD57-1192
GC1193,BD57-1193
GC1194,BD57-1194
GC1196,BD57-1196
GC1197,BD57-1197
GC1198,BD57-1198
GC1199,BD57-1199
GC1200,BD57-1200
GC1201,BD57-1201
GC1202,BD57-1202
GC1203,BD57-1203
GC1205,BD57-1205
GC1206,BD57-1206
GC1207,BD57-1207
GC1208,BD57-1208
GC1209,BD57-1209
GC1210,BD57-1210
GC1211,BD57-1211
GC1212,BD57-1212
GC1213,BD57-1213
GC1214,BD57-1214
GC1215,BD57-1215
GC1216,BD57-1216
GC1217,BD57-1217
GC1218,BD57-1218
GC1219,BD57-1219
GC1220,BD57-1220
GC1222,BD57-1222
GC1223,BD57-1223
GC1224,BD57-1224
GC1225,BD57-1225
GC1226,BD57-1226
GC1227,BD57-1227
GC1228,BD57-1228
GC1229,BD57-1229
GC1230,BD57-1230
GC1231,BD57-1231
GC1232,BD57-1232
GC1233,BD57-1233
GC1234,BD57-1234
GC1235,BD57-1235
GC1236,BD57-1236
GC1237,BD57-1237
GC1238,BD57-1238
GC1240,BD57-1240
GC1241,BD57-1241
GC1242,BD57-1242
GC1243,BD57-1243
GC1244,BD57-1244
GC1245,BD57-1245
GC1246,BD57-1246
GC1247,BD57-1247
GC1248,BD57-1248
GC1249,BD57-1249
GC1250,BD57-1250
GC1251,BD57-1251
GC1252,BD57-1252
GC1253,BD57-1253
GC1254,BD57-1254
GC1255,BD57-1255
GC1256,BD57-1256
GC1257,BD57-1257
GC1258,BD57-1258
GC1259,BD57-1259
GC1260,BD57-1260
GC1262,BD57-1262
GC1264,BD57-1264
GC1266,BD57-1266
GC1267,BD57-1267
GC1269,BD57-1269
GC1270,BD57-1270
GC1271,BD57-1271
GC1275,BD57-1275
GC1276,BD57-1276
GC1277,BD57-1277
GC1278,BD57-1278
GC1279,BD57-1279
GC1280,BD57-1280
GC1281,BD57-1281
GC1282,BD57-1282
GC1284,BD57-1284
GC1285,BD57-1285
GC1286,BD57-1286
GC1287,BD57-1287
GC1288,BD57-1288
GC1291,BD57-1291
GC1292,BD57-1292
GC1293,BD57-1293
GC1294,BD57-1294
GC1295,BD57-1295
GC1296,BD57-1296
GC1297,BD57-1297
GC1298,BD57-1298
GC1299,BD57-1299
GC1300,BD57-1300
GC1301,BD57-1301
GC1302,BD57-1302
GC1303,BD57-1303
GC1304,BD57-1304
GC1305,BD57-1305
GC1306,BD57-1306
GC1307,BD57-1307
GC1310,BD57-1310
GC1311,BD57-1311
GC1313,BD57-1313
GC1314,BD57-1314
GC1316,BD57-1316
GC1317,BD57-1317
GC1318,BD57-1318
GC1319,BD57-1319
GC1320,BD57-1320
GC1321,BD57-1321
GC1322,BD57-1322
GC1323,BD57-1323
GC1324,BD57-1324
GC1327,BD57-1327
GC1328,BD57-1328
GC1329,BD57-1329
GC1330,BD57-1330
GC1331,BD57-1331
GC1332,BD57-1332
GC1334,BD57-1334
GC1335,BD57-1335
GC1336,BD57-1336
GC1337,BD57-1337
GC1338,BD57-1338
GC1340,BD57-1340
GC1341,BD57-1341
GC1342,BD57-1342
GC1343,BD57-1343
GC1344,BD57-1344
GC1345,BD57-1345
GC1346,BD57-1346
GC1350,BD57-1350
GC1351,BD57-1351
GC1352,BD57-1352
GC1354,BD57-1354
GC1355,BD57-1355
GC1356,BD57-1356
GC1357,BD57-1357
GC1358,BD57-1358
GC1360,BD57-1360
GC1361,BD57-1361
GC1363,BD57-1363
GC1364,BD57-1364
GC1365,BD57-1365
GC1366,BD57-1366
GC1367,BD57-1367
GC1369,BD57-1369
GC1370,BD57-1370
GC1371,BD57-1371
GC1372,BD57-1372
GC1373,BD57-1373
GC1374,BD57-1374
GC1375,BD57-1375
GC1376,BD57-1376
GC1377,BD57-1377
GC1378,BD57-1378
GC1379,BD57-1379
GC1381,BD57-1381
GC1382,BD57-1382
GC1383,BD57-1383
GC1385,BD57-1385
GC1386,BD57-1386
GC1388,BD57-1388
GC1389,BD57-1389
GC1390,BD57-1390
GC1394,BD57-1394
GC1395,BD57-1395
GC1397,BD57-1397
GC1398,BD57-1398
GC1399,BD57-1399
GC1400,BD57-1400
GC1401,BD57-1401
GC1402,BD57-1402
GC1404,BD57-1404
GC1405,BD57-1405
GC1406,BD57-1406
GC1408,BD57-1408
GC1410,BD57-1410
GC1411,BD57-1411
GC1413,BD57-1413
GC1415,BD57-1415
GC1416,BD57-1416
GC1418,BD57-1418
GC1419,BD57-1419
GC1420,BD57-1420
GC1422,BD57-1422
GC1425,BD57-1425
GC1428,BD57-1428
GC1430,BD57-1430
GC1431,BD57-1431
GC1432,BD57-1432
GC1433,BD57-1433
GC1434,BD57-1434
GC1435,BD57-1435
GC1436,BD57-1436
GC1437,BD57-1437
GC1438,BD57-1438
GC1439,BD57-1439
GC1440,BD57-1440
GC1441,BD57-1441
GC1442,BD57-1442
GC1443,BD57-1443
GC1444,BD57-1444
GC1445,BD57-1445
GC1446,BD57-1446
GC1447,BD57-1447
GC1448,BD57-1448
GC1449,BD57-1449
GC1450,BD57-1450
GC1451,BD57-1451
GC1452,BD57-1452
GC1453,BD57-1453
GC1455,BD57-1455
GC1456,BD57-1456
GC1457,BD57-1457
GC1459,BD57-1459
GC1460,BD57-1460
GC1461,BD57-1461
GC1462,BD57-1462
GC1463,BD57-1463
GC1464,BD57-1464
GC1465,BD57-1465
GC1466,BD57-1466
GC1467,BD57-1467
GC1468,BD57-1468
GC1469,BD57-1469
GC1470,BD57-1470
GC1472,BD57-1472
GC1473,BD57-1473
GC1474,BD57-1474
GC1475,BD57-1475
GC1476,BD57-1476
GC1478,BD57-1478
GC1479,BD57-1479
GC1480,BD57-1480
GC1481,BD57-1481
GC1482,BD57-1482
GC1483,BD57-1483
GC1485,BD57-1485
GC1488,BD57-1488
GC1489,BD57-1489
GC1490,BD57-1490
GC1492,BD57-1492
GC1493,BD57-1493
GC1494,BD57-1494
GC1495,BD57-1495
GC1496,BD57-1496
GC1497,BD57-1497
GC1498,BD57-1498
GC1500,BD57-1500
GC1501,BD57-1501
GC1502,BD57-1502
GC1504,BD57-1504
GC1505,BD57-1505
GC1507,BD57-1507
GC1509,BD57-1509
GC1510,BD57-1510
GC1512,BD57-1512
GC1513,BD57-1513
GC1514,BD57-1514
GC1515,BD57-1515
GC1516,BD57-1516
GC1518,BD57-1518
GC1519,BD57-1519
GC1520,BD57-1520
GC1524,BD57-1524
GC1525,BD57-1525
GC1526,BD57-1526
GC1527,BD57-1527
GC1528,BD57-1528
GC1529,BD57-1529
GC1530,BD57-1530
GC1531,BD57-1531
GC1532,BD57-1532
GC1533,BD57-1533
GC1534,BD57-1534
GC1535,BD57-1535
GC1536,BD57-1536
GC1537,BD57-1537
GC1538,BD57-1538
GC1539,BD57-1539
GC1540,BD57-1540
GC1541,BD57-1541
GC1543,BD57-1543
GC1544,BD57-1544
GC1545,BD57-1545
GC1547,BD57-1547
GC1548,BD57-1548
GC1551,BD57-1551
GC1552,BD57-1552
GC1553,BD57-1553
GC1554,BD57-1554
GC1555,BD57-1555
GC1556,BD57-1556
GC1557,BD57-1557
GC1558,BD57-1558
GC1560,BD57-1560
GC1561,BD57-1561
GC1562,BD57-1562
GC1563,BD57-1563
GC1564,BD57-1564
GC1565,BD57-1565
GC1566,BD57-1566
GC1568,BD57-1568
GC1569,BD57-1569
GC1570,BD57-1570
GC1571,BD57-1571
GC1572,BD57-1572
GC1573,BD57-1573
GC1574,BD57-1574
GC1575,BD57-1575
GC1576,BD57-1576
GC1577,BD57-1577
GC1578,BD57-1578
GC1579,BD57-1579
GC1580,BD57-1580
GC1581,BD57-1581
GC1582,BD57-1582
GC1583,BD57-1583
GC1584,BD57-1584
GC1586,BD57-1586
GC1587,BD57-1587
GC1588,BD57-1588
GC1589,BD57-1589
GC1590,BD57-1590
GC1591,BD57-1591
GC1595,BD57-1595
GC1596,BD57-1596
GC1598,BD57-1598
GC1599,BD57-1599
GC1600,BD57-1600
GC1601,BD57-1601
GC1603,BD57-1603
GC1604,BD57-1604
GC1605,BD57-1605
GC1606,BD57-1606
GC1607,BD57-1607
GC1608,BD57-1608
GC1609,BD57-1609
GC1610,BD57-1610
GC1611,BD57-1611
GC1613,BD57-1613
GC1614,BD57-1614
GC1616,BD57-1616
GC1617,BD57-1617
GC1618,BD57-1618
GC1619,BD57-1619
GC1620,BD57-1620
GC1621,BD57-1621
GC1622,BD57-1622
GC1623,BD57-1623
GC1624,BD57-1624
GC1627,BD57-1627
GC1629,BD57-1629
GC1630,BD57-1630
GC1631,BD57-1631
GC1632,BD57-1632
GC1634,BD57-1634
GC1635,BD57-1635
GC1636,BD57-1636
GC1637,BD57-1637
GC1640,BD57-1640
GC1641,BD57-1641
GC1642,BD57-1642
GC1643,BD57-1643
GC1644,BD57-1644
GC1645,BD57-1645
GC1646,BD57-1646
GC1647,BD57-1647
GC1651,BD57-1651
GC1652,BD57-1652
GC1653,BD57-1653
GC1655,BD57-1655
GC1657,BD57-1657
GC1658,BD57-1658
GC1659,BD57-1659
GC1661,BD57-1661
GC1662,BD57-1662
GC1663,BD57-1663
GC1664,BD57-1664
GC1666,BD57-1666
GC1667,BD57-1667
GC1668,BD57-1668
GC1669,BD57-1669
GC1670,BD57-1670
GC1671,BD57-1671
GC1672,BD57-1672
GC1673,BD57-1673
GC1674,BD57-1674
GC1675,BD57-1675
GC1677,BD57-1677
GC1678,BD57-1678
GC1680,BD57-1680
GC1681,BD57-1681
GC1682,BD57-1682
GC1683,BD57-1683
GC1684,BD57-1684
GC1685,BD57-1685
GC1686,BD57-1686
GC1687,BD57-1687
GC1688,BD57-1688
GC1689,BD57-1689
GC1690,BD57-1690
GC1691,BD57-1691
GC1692,BD57-1692
GC1693,BD57-1693
GC1694,BD57-1694
GC1696,BD57-1696
GC1697,BD57-1697
GC1699,BD57-1699
GC1700,BD57-1700
GC1701,BD57-1701
GC1702,BD57-1702
GC1704,BD57-1704
GC1705,BD57-1705
GC1706,BD57-1706
GC1707,BD57-1707
GC1708,BD57-1708
GC1709,BD57-1709
GC1710,BD57-1710
GC1712,BD57-1712
GC1713,BD57-1713
GC1714,BD57-1714
GC1715,BD57-1715
GC1716,BD57-1716
GC1718,BD57-1718
GC1719,BD57-1719
GC1720,BD57-1720
GC1721,BD57-1721
GC1722,BD57-1722
GC1723,BD57-1723
GC1724,BD57-1724
GC1725,BD57-1725
GC1726,BD57-1726
GC1727,BD57-1727
GC1728,BD57-1728
GC1729,BD57-1729
GC1730,BD57-1730
GC1731,BD57-1731
GC1732,BD57-1732
GC1733,BD57-1733
GC1734,BD57-1734
GC1736,BD57-1736
GC1737,BD57-1737
GC1738,BD57-1738
GC1739,BD57-1739
GC1741,BD57-1741
GC1742,BD57-1742
GC1743,BD57-1743
GC1744,BD57-1744
GC1745,BD57-1745
GC1746,BD57-1746
GC1747,BD57-1747
GC1748,BD57-1748
GC1749,BD57-1749
GC1750,BD57-1750
GC1751,BD57-1751
GC1752,BD57-1752
GC1753,BD57-1753
GC1754,BD57-1754
GC1755,BD57-1755
GC1756,BD57-1756
GC1757,BD57-1757
GC1758,BD57-1758
GC1759,BD57-1759
GC1760,BD57-1760
GC1761,BD57-1761
GC1762,BD57-1762
GC1763,BD57-1763
GC1764,BD57-1764
GC1765,BD57-1765
GC1766,BD57-1766
GC1768,BD57-1768
GC1769,BD57-1769
GC1770,BD57-1770
GC1771,BD57-1771
GC1772,BD57-1772
GC1773,BD57-1773
GC1775,BD57-1775
GC1776,BD57-1776
GC1777,BD57-1777
GC1778,BD57-1778
GC1780,BD57-1780
GC1783,BD57-1783
GC1787,BD57-1787
GC1788,BD57-1788
GC1789,BD57-1789
GC1790,BD57-1790
GC1791,BD57-1791
GC1792,BD57-1792
GC1793,BD57-1793
GC1794,BD57-1794
GC1795,BD57-1795
GC1796,BD57-1796
GC1797,BD57-1797
GC1798,BD57-1798
GC1799,BD57-1799
GC1800,BD57-1800
GC1801,BD57-1801
GC1804,BD57-1804
GC1805,BD57-1805
GC1806,BD57-1806
GC1807,BD57-1807
GC1808,BD57-1808
GC1809,BD57-1809
GC1810,BD57-1810
GC1811,BD57-1811
GC1812,BD57-1812
GC1813,BD57-1813
GC1814,BD57-1814
GC1815,BD57-1815
GC1816,BD57-1816
GC1817,BD57-1817
GC1819,BD57-1819
GC1821,BD57-1821
GC1823,BD57-1823
GC1824,BD57-1824
GC1825,BD57-1825
GC1826,BD57-1826
GC1827,BD57-1827
GC1828,BD57-1828
GC1830,BD57-1830
GC1832,BD57-1832
GC1833,BD57-1833
GC1835,BD57-1835
GC1836,BD57-1836
GC1837,BD57-1837
GC1838,BD57-1838
GC1839,BD57-1839
GC1843,BD57-1843
GC1844,BD57-1844
GC1845,BD57-1845
GC1846,BD57-1846
GC1847,BD57-1847
GC1848,BD57-1848
GC1849,BD57-1849
GC1850,BD57-1850
GC1851,BD57-1851
GC1852,BD57-1852
GC1853,BD57-1853
GC1854,BD57-1854
GC1856,BD57-1856
GC1857,BD57-1857
GC1858,BD57-1858
GC1859,BD57-1859
GC1860,BD57-1860
GC1861,BD57-1861
GC1863,BD57-1863
GC1864,BD57-1864
GC1865,BD57-1865
GC1866,BD57-1866
GC1867,BD57-1867
GC1868,BD57-1868
GC1869,BD57-1869
GC1870,BD57-1870
GC1871,BD57-1871
GC1872,BD57-1872
GC1873,BD57-1873
GC1874,BD57-1874
GC1875,BD57-1875
GC1876,BD57-1876
GC1877,BD57-1877
GC1878,BD57-1878
GC1879,BD57-1879
GC1880,BD57-1880
GC1881,BD57-1881
GC1882,BD57-1882
GC1883,BD57-1883
GC1884,BD57-1884
GC1886,BD57-1886
GC1888,BD57-1888
GC1889,BD57-1889
GC1890,BD57-1890
GC1891,BD57-1891
GC1893,BD57-1893
GC1894,BD57-1894
GC1895,BD57-1895
GC1896,BD57-1896
GC1897,BD57-1897
GC1898,BD57-1898
GC1900,BD57-1900
GC1901,BD57-1901
GC1902,BD57-1902
GC1903,BD57-1903
GC1904,BD57-1904
GC1905,BD57-1905
GC1907,BD57-1907
GC1908,BD57-1908
GC1912,BD57-1912
GC1914,BD57-1914
GC1915,BD57-1915
GC1916,BD57-1916
GC1918,BD57-1918
GC1919,BD57-1919
GC1920,BD57-1920
GC1921,BD57-1921
GC1922,BD57-1922
GC1923,BD57-1923
GC1924,BD57-1924
GC1926,BD57-1926
GC1927,BD57-1927
GC1928,BD57-1928
GC1929,BD57-1929
GC1931,BD57-1931
GC1934,BD57-1934
GC1935,BD57-1935
GC1936,BD57-1936
GC1937,BD57-1937
GC1938,BD57-1938
GC1939,BD57-1939
GC1940,BD57-1940
GC1941,BD57-1941
GC1942,BD57-1942
GC1943,BD57-1943
GC1944,BD57-1944
GC1945,BD57-1945
GC1946,BD57-1946
GC1948,BD57-1948
GC1950,BD57-1950
GC1951,BD57-1951
GC1953,BD57-1953
GC1954,BD57-1954
GC1955,BD57-1955
GC1956,BD57-1956
GC1958,BD57-1958
GC1962,BD57-1962
GC1963,BD57-1963
GC1964,BD57-1964
GC1965,BD57-1965
GC1966,BD57-1966
GC1967,BD57-1967
GC1969,BD57-1969
GC1970,BD57-1970
GC1972,BD57-1972
GC1973,BD57-1973
GC1974,BD57-1974
GC1975,BD57-1975
GC1976,BD57-1976
GC1977,BD57-1977
GC1979,BD57-1979
GC1980,BD57-1980
GC1981,BD57-1981
GC1982,BD57-1982
GC1985,BD57-1985
GC1986,BD57-1986
GC1988,BD57-1988
GC1989,BD57-1989
GC1990,BD57-1990
GC1991,BD57-1991
GC1992,BD57-1992
GC1993,BD57-1993
GC1994,BD57-1994
GC1995,BD57-1995
GC1996,BD57-1996
GC1997,BD57-1997
GC1998,BD57-1998
GC2000,BD57-2000
GC2001,BD57-2001
GC2002,BD57-2002
GC2003,BD57-2003
GC2004,BD57-2004
GC2005,BD57-2005
GC2006,BD57-2006
GC2007,BD57-2007
GC2008,BD57-2008
GC2009,BD57-2009
GC2010,BD57-2010
GC2011,BD57-2011
GC2012,BD57-2012
GC2013,BD57-2013
GC2014,BD57-2014
GC2016,BD57-2016
GC2017,BD57-2017
GC2018,BD57-2018
GC2019,BD57-2019
GC2020,BD57-2020
GC2022,BD57-2022
GC2023,BD57-2023
GC2028,BD57-2028
GC2029,BD57-2029
GC2030,BD57-2030
GC2031,BD57-2031
GC2032,BD57-2032
GC2034,BD57-2034
GC2035,BD57-2035
GC2037,BD57-2037
GC2038,BD57-2038
GC2039,BD57-2039
GC2041,BD57-2041
GC2042,BD57-2042
GC2043,BD57-2043
GC2044,BD57-2044
GC2045,BD57-2045
GC2047,BD57-2047
GC2048,BD57-2048
GC2049,BD57-2049
GC2051,BD57-2051
GC2052,BD57-2052
GC2053,BD57-2053
GC2054,BD57-2054
GC2056,BD57-2056
GC2057,BD57-2057
GC2058,BD57-2058
GC2059,BD57-2059
SN0004,BD56-0004
SN0023,BD56-0023
SN0096,BD56-0096
SN0140,BD56-0140
SN0150,BD56-0150
SN0154,BD56-0154
SN0209,BD56-0209
SN0213,BD56-0213
SN0459,BD56-0459
SN0827,BD56-0827
SN0927,BD56-0927
SN0942,BD56-0942
SN0943,BD56-0943
SN0962,BD56-0962
SN0971,BD56-0971
SN1000,BD56-1000
SN1007,BD56-1007
SN1011,BD56-1011
SN1021,BD56-1021
SN1047,BD56-1047
SN1104,BD56-1104
SN1138,BD56-1138
SN1180,BD56-1180
SN1183,BD56-1183
SN1192,BD56-1192
SN1198,BD56-1198
SN1238,BD56-1238
SN1247,BD56-1247
SN1259,BD56-1259
SN1267,BD56-1267
SN1269,BD56-1269
SN1288,BD56-1288
SN1289,BD56-1289
SN1292,BD56-1292
SN1302,BD56-1302
SN1331,BD56-1331
SN1341,BD56-1341
SN1343,BD56-1343
SN1354,BD56-1354
SN1360,BD56-1360
SN1367,BD56-1367
SN1370,BD56-1370
SN1373,BD56-1373
SN1378,BD56-1378
SN1379,BD56-1379
SN1402,BD56-1402
SN1405,BD56-1405
SN1407,BD56-1407
SN1432,BD56-1432
SN1461,BD56-1461
SN1478,BD56-1478
SN1533,BD56-1533
SN1560,BD56-1560
SN1578,BD56-1578
SN1593,BD56-1593
SN1595,BD56-1595
SN1600,BD56-1600
SN1613,BD56-1613
SN1772,BD56-1772
SN1783,BD56-1783
SN1807,BD56-1807
SN1851,BD56-1851
SN1854,BD56-1854
SN1867,BD56-1867
SN1884,BD56-1884
SN1926,BD56-1926
SN1932,BD56-1932
