UMAP1,UMAP2,antibody,cluster,group,confidence,second_group
11.326628,10.864877,BD30-604,0,A1,1.0,
-0.53567123,2.7447336,BD45-105,10,E3,1.0,
7.3892612,-0.15899418,BD45-145,1,D3,0.7,E1/E2.1
4.36871,-1.0197005,BD45-147,5,E1/E2.1,1.0,
10.087426,0.77162117,BD45-152,6,D2,1.0,
8.165283,2.108903,BD45-158,6,D2,0.9,E1/E2.1
10.828628,8.240574,BD45-21,0,A1,1.0,
9.708321,7.553145,BD45-228,0,A1,0.9,C/D1
11.694922,10.260744,BD45-231,0,A1,1.0,
-0.36540967,7.855967,BD45-277,7,F1,1.0,
8.086193,2.2725363,BD45-70,6,D2,0.9,E1/E2.1
12.439719,9.238253,BD55-1205,0,A1,1.0,
13.925476,3.771305,BD55-3372,2,F3,1.0,
13.45228,2.267061,BD55-4637,8,D4,0.6,F3
14.433221,3.5727935,BD55-5483,2,F3,1.0,
14.212785,3.2494466,BD55-5514,2,F3,1.0,
7.2452674,0.38592413,BD55-5840,1,D3,0.8,E1/E2.1
14.990236,3.5708587,CP-mh-0224,2,F3,1.0,
14.90913,3.5261116,CP-mh-0266,2,F3,1.0,
14.356721,-1.9270803,CP0199,1,D3,1.0,
6.8557706,8.218504,CP0200,9,C/D1,1.0,
12.675131,0.47579345,CP0206,8,D4,0.7,D3
14.094497,-2.0920343,CP0207,1,D3,1.0,
8.994014,-0.24374233,CP0265,1,D3,1.0,
13.228594,-0.47474012,CP0278,1,D3,0.8,D4
9.217137,0.16511025,CP0280,1,D3,1.0,
12.1867,0.61333907,CP0352,8,D4,0.7,D3
7.9529767,5.1587033,CP0365,9,C/D1,0.6,D4
12.870305,4.918735,CP0427,2,F3,1.0,
15.884162,4.510439,CP0430,2,F3,1.0,
13.005135,4.186826,CP0459,2,F3,0.9,D4
11.501019,3.2473733,CP0497,8,D4,0.9,F3
15.185808,4.7910504,CP0499,2,F3,1.0,
14.202194,4.716643,CP0513,2,F3,1.0,
13.831918,4.369107,CP0516,2,F3,1.0,
14.010507,4.929216,CP0537,2,F3,1.0,
-2.6890094,5.677095,CP0590,12,F1,1.0,
9.907763,6.444326,CP0592,0,A1,0.5,C/D1
10.924345,7.4710884,GC0021,0,A1,1.0,
12.186133,8.946785,GC0027,0,A1,1.0,
11.569346,8.528848,GC0033,0,A1,1.0,
9.481888,12.11231,GC0056,13,B,0.9,A1
-0.76564324,8.367109,GC0066,7,F1,1.0,
4.3334336,2.2956855,GC0101,3,E2.2,1.0,
1.4729335,0.0023661437,GC0102,3,E2.2,1.0,
9.305873,12.101533,GC0103,13,B,1.0,
0.7972313,1.7720215,GC0104,3,E2.2,0.8,E3
1.6277488,-0.1690144,GC0105,3,E2.2,1.0,
-1.4681665,3.162853,GC0106,10,E3,1.0,
3.9623241,2.1622543,GC0107,3,E2.2,1.0,
12.268384,9.930131,GC0108,0,A1,1.0,
-1.161666,2.2222977,GC0110,10,E3,1.0,
-4.350752,9.700138,GC0111,4,F1,1.0,
3.363537,0.6394578,GC0112,3,E2.2,0.7,E1/E2.1
-0.9996941,8.1559105,GC0113,4,F1,1.0,
14.445147,5.0883336,GC0114,2,F3,1.0,
0.4189776,1.7479371,GC0115,3,E2.2,0.6,E3
15.4988985,5.924389,GC0116,2,F3,1.0,
6.654097,3.2369373,GC0117,5,E1/E2.1,1.0,
3.318666,1.559051,GC0118,3,E2.2,1.0,
7.8919864,5.8479643,GC0119,9,C/D1,1.0,
-4.333789,8.266874,GC0120,4,F1,1.0,
8.994249,7.8459396,GC0122,0,A1,0.6,C/D1
3.1263177,3.7404618,GC0124,3,E2.2,1.0,
-4.220097,8.28629,GC0125,4,F1,1.0,
4.245852,1.4619751,GC0126,3,E2.2,0.9,E1/E2.1
-3.3468711,7.7477517,GC0127,4,F1,1.0,
4.456405,1.708618,GC0128,3,E2.2,0.8,E1/E2.1
11.271373,10.515567,GC0129,0,A1,1.0,
14.421171,7.1384897,GC0130,11,A2,0.8,F3
2.5671015,2.908628,GC0131,3,E2.2,1.0,
0.057349216,2.357793,GC0132,10,E3,0.6,E2.2
-0.56764495,2.0939329,GC0133,10,E3,0.8,E2.2
11.913426,10.447498,GC0134,0,A1,1.0,
5.0917954,-0.63015455,GC0136,5,E1/E2.1,1.0,
-0.19917352,8.864791,GC0137,7,F1,1.0,
4.130763,0.7310089,GC0139,3,E2.2,0.6,E1/E2.1
-2.4961226,7.4153056,GC0140,4,F1,1.0,
9.914019,7.9408264,GC0141,0,A1,1.0,
2.8108869,2.7883437,GC0142,3,E2.2,1.0,
1.4430699,8.324398,GC0143,7,F1,1.0,
-0.29464772,5.880454,GC0144,7,F1,0.9,E2.2
9.319991,1.706418,GC0145,6,D2,1.0,
0.7275443,3.4360762,GC0146,10,E3,0.9,E2.2
9.351063,6.889132,GC0147,9,C/D1,0.4,A1
3.1453125,3.603053,GC0148,3,E2.2,1.0,
8.753682,6.3578634,GC0149,9,C/D1,0.9,A1
3.59947,-0.9710239,GC0150,5,E1/E2.1,0.9,E2.2
-2.3097703,8.192248,GC0151,4,F1,1.0,
10.123465,9.125004,GC0152,0,A1,1.0,
0.02166063,8.621844,GC0153,7,F1,1.0,
-3.460927,9.685751,GC0154,4,F1,1.0,
0.5083205,1.6483694,GC0155,3,E2.2,0.8,E3
-3.2704592,8.30162,GC0156,4,F1,1.0,
2.840687,3.501176,GC0157,3,E2.2,1.0,
15.619073,5.930634,GC0158,2,F3,1.0,
-2.872325,8.85534,GC0159,4,F1,1.0,
2.0192833,0.6808959,GC0160,3,E2.2,1.0,
4.092971,-0.9309907,GC0161,5,E1/E2.1,1.0,
-1.341504,4.844369,GC0162,10,E3,0.5,F1
-3.5687053,8.371668,GC0163,4,F1,1.0,
2.3179235,3.4005635,GC0164,3,E2.2,1.0,
11.332765,8.841552,GC0165,0,A1,1.0,
1.7454467,5.748502,GC0167,14,E3,1.0,
7.657458,6.2868156,GC0168,9,C/D1,1.0,
7.4338956,2.8314466,GC0169,5,E1/E2.1,0.6,D2
7.021513,1.9287664,GC0170,5,E1/E2.1,0.8,D3
10.339581,1.6928383,GC0171,6,D2,1.0,
12.536804,-1.976336,GC0172,1,D3,1.0,
3.741487,-0.07412142,GC0173,5,E1/E2.1,0.7,E2.2
9.268564,2.3885953,GC0174,6,D2,1.0,
10.165953,1.0016824,GC0175,6,D2,1.0,
7.3371115,1.8051554,GC0176,5,E1/E2.1,0.7,D3
5.8186274,-0.17946757,GC0177,5,E1/E2.1,1.0,
2.5457122,1.1025951,GC0178,3,E2.2,1.0,
2.0983388,0.9385785,GC0179,3,E2.2,0.7,D3
6.485081,2.7347345,GC0180,5,E1/E2.1,1.0,
0.9386077,0.55388796,GC0181,3,E2.2,1.0,
11.472356,11.575062,GC0182,0,A1,1.0,
-2.5772648,10.109622,GC0183,4,F1,1.0,
2.5090523,4.8460083,GC0184,14,E3,0.9,E2.2
5.5732183,1.0720536,GC0185,5,E1/E2.1,1.0,
1.3424294,5.9600554,GC0186,14,E3,1.0,
1.811262,0.13601568,GC0187,3,E2.2,1.0,
1.0293695,5.624588,GC0188,14,E3,1.0,
9.670909,2.2289834,GC0189,6,D2,1.0,
-1.763525,7.552464,GC0190,4,F1,1.0,
9.665211,2.9053297,GC0191,6,D2,1.0,
-0.44897828,7.1565623,GC0192,7,F1,1.0,
1.1105878,0.76892203,GC0193,3,E2.2,1.0,
4.072819,-0.0047107134,GC0194,5,E1/E2.1,1.0,
0.80113465,0.4602514,GC0195,3,E2.2,1.0,
-3.3423471,10.568441,GC0196,4,F1,1.0,
8.317276,1.1753031,GC0197,6,D2,0.9,D3
5.7400846,0.32865867,GC0198,5,E1/E2.1,1.0,
-0.014231121,1.1018317,GC0200,3,E2.2,0.8,E3
-0.73736465,2.4623978,GC0201,10,E3,1.0,
6.7184176,8.659749,GC0204,9,C/D1,0.9,B
7.198206,-0.3634727,GC0205,1,D3,0.8,E1/E2.1
1.6142849,0.8544704,GC0206,3,E2.2,1.0,
8.30238,5.7254004,GC0207,9,C/D1,1.0,
6.307473,3.626176,GC0208,5,E1/E2.1,1.0,
-2.2432787,8.871191,GC0209,4,F1,1.0,
0.12884998,9.619283,GC0210,7,F1,1.0,
-4.3093944,8.378541,GC0212,4,F1,1.0,
11.925022,9.419238,GC0213,0,A1,1.0,
8.219134,2.6755657,GC0215,6,D2,0.7,E1/E2.1
-0.21664251,9.147991,GC0216,7,F1,1.0,
-3.860241,8.155473,GC0217,4,F1,1.0,
3.4428186,-0.37058604,GC0218,5,E1/E2.1,0.7,E2.2
0.06772081,2.5096433,GC0220,10,E3,1.0,
0.21831259,0.8083633,GC0222,3,E2.2,1.0,
5.741289,2.3909252,GC0223,5,E1/E2.1,1.0,
2.157813,0.7708817,GC0224,3,E2.2,1.0,
6.8490753,2.385833,GC0225,5,E1/E2.1,0.9,D2
0.13836448,8.178089,GC0226,7,F1,1.0,
-2.0226908,8.556169,GC0227,4,F1,1.0,
-0.18789254,5.5280843,GC0228,7,F1,0.5,E3
-3.750198,9.114462,GC0230,4,F1,1.0,
8.326807,5.163746,GC0231,9,C/D1,0.8,D4
1.886221,5.5813427,GC0235,14,E3,1.0,
1.4247969,0.3363961,GC0236,3,E2.2,1.0,
6.110871,3.2504892,GC0237,5,E1/E2.1,0.8,C/D1
5.5457973,-0.41367584,GC0239,5,E1/E2.1,1.0,
0.41467285,2.5075336,GC0240,10,E3,0.7,E2.2
-4.339814,9.527064,GC0241,4,F1,1.0,
6.5423827,1.7766631,GC0242,5,E1/E2.1,1.0,
10.750863,8.783904,GC0243,0,A1,1.0,
4.554821,1.3235115,GC0244,3,E2.2,0.6,E1/E2.1
-5.0721354,9.6418295,GC0245,4,F1,1.0,
10.323915,-1.8732213,GC0246,1,D3,1.0,
-2.262595,7.881641,GC0247,4,F1,1.0,
-2.200636,7.540799,GC0248,4,F1,1.0,
-1.171574,6.917244,GC0250,4,F1,0.8,D3
15.55767,5.918364,GC0253,2,F3,0.9,A2
9.564623,10.046849,GC0254,0,A1,1.0,
-0.32766673,8.409879,GC0255,7,F1,1.0,
-2.5949738,9.296109,GC0256,4,F1,1.0,
8.66515,3.873966,GC0257,8,D4,0.9,D2
2.2566123,1.3557057,GC0258,3,E2.2,1.0,
5.8213987,-0.04992937,GC0259,5,E1/E2.1,1.0,
1.7212521,8.988588,GC0260,7,F1,1.0,
6.6708117,5.1027923,GC0261,9,C/D1,1.0,
8.342595,5.9100523,GC0262,9,C/D1,1.0,
10.201599,10.892763,GC0263,0,A1,0.6,B
11.193514,8.500616,GC0264,0,A1,0.9,A2
0.96732813,0.9132887,GC0265,3,E2.2,1.0,
6.07587,3.549715,GC0266,5,E1/E2.1,0.9,C/D1
7.913402,-0.32429665,GC0267,6,D2,0.7,D3
9.449542,11.536348,GC0269,13,B,0.8,A1
1.2520707,0.9752123,GC0270,3,E2.2,1.0,
9.787594,9.77906,GC0271,0,A1,1.0,
5.422146,-0.5403553,GC0272,5,E1/E2.1,1.0,
9.899181,2.1484642,GC0274,6,D2,1.0,
11.676393,1.0757935,GC0277,8,D4,0.9,D3
1.9904416,1.0114557,GC0279,3,E2.2,1.0,
10.077894,1.3207637,GC0281,6,D2,1.0,
-2.72105,9.348896,GC0282,4,F1,1.0,
2.8711693,4.1352663,GC0283,3,E2.2,1.0,
9.368442,7.3777246,GC0285,0,A1,0.7,C/D1
-1.0813782,5.021376,GC0286,10,E3,0.4,F1
4.5985065,-0.10606091,GC0288,5,E1/E2.1,1.0,
2.2233965,2.840558,GC0290,3,E2.2,1.0,
2.618539,2.0889213,GC0291,3,E2.2,1.0,
7.992917,0.4256005,GC0293,6,D2,1.0,
2.6929982,4.241819,GC0295,3,E2.2,1.0,
8.0939245,1.6826175,GC0296,6,D2,0.8,E1/E2.1
7.030084,1.2135955,GC0297,5,E1/E2.1,0.5,D2
12.174422,8.356832,GC0298,0,A1,0.6,A2
1.9337916,0.30435312,GC0299,3,E2.2,1.0,
15.433202,5.0109,GC0300,2,F3,1.0,
-0.50823164,8.5309105,GC0301,7,F1,1.0,
2.5484889,3.368793,GC0302,3,E2.2,1.0,
6.6132708,2.4711173,GC0303,5,E1/E2.1,1.0,
7.304521,0.241877,GC0304,6,D2,0.8,D3
0.4291964,7.9321485,GC0305,7,F1,1.0,
1.193436,1.2691479,GC0306,3,E2.2,1.0,
6.6543875,4.7060246,GC0307,9,C/D1,0.8,E1/E2.1
12.310933,7.670096,GC0308,11,A2,0.4,A1
9.512441,9.327142,GC0309,0,A1,1.0,
-2.017333,9.352595,GC0310,4,F1,1.0,
7.073289,1.1938431,GC0311,5,E1/E2.1,0.6,D2
1.1791767,5.1963506,GC0312,14,E3,1.0,
5.554334,0.2529584,GC0313,5,E1/E2.1,1.0,
-0.22576311,2.7161736,GC0314,10,E3,1.0,
4.4120145,-0.1558772,GC0315,5,E1/E2.1,1.0,
-0.2952445,8.370231,GC0316,7,F1,1.0,
15.860034,6.087055,GC0318,2,F3,1.0,
-4.6876774,8.409343,GC0319,4,F1,1.0,
1.2391926,4.8047643,GC0320,14,E3,0.9,E2.2
-3.454861,8.120253,GC0322,4,F1,1.0,
4.237027,0.01888026,GC0324,5,E1/E2.1,0.9,E2.2
14.40922,7.72747,GC0325,11,A2,1.0,
5.9335723,0.5638879,GC0326,5,E1/E2.1,1.0,
-3.1105947,7.2956424,GC0329,4,F1,1.0,
2.2235422,0.25948316,GC0330,3,E2.2,1.0,
3.8862891,1.7787176,GC0331,3,E2.2,0.9,E1/E2.1
2.2617784,8.775568,GC0332,7,F1,1.0,
1.7203026,2.7350879,GC0333,3,E2.2,0.8,E3
0.40758875,4.8354335,GC0334,14,E3,0.5,E2.2
5.9434457,1.3408507,GC0335,5,E1/E2.1,0.8,D3
1.3911544,1.8293307,GC0336,3,E2.2,0.9,E3
5.277197,2.2200305,GC0338,5,E1/E2.1,0.6,D3
4.2037687,0.2488018,GC0340,5,E1/E2.1,0.7,E2.2
5.5529265,0.68783724,GC0341,5,E1/E2.1,1.0,
-0.07718847,6.5376415,GC0342,7,F1,0.9,E2.2
5.449183,-0.37816766,GC0343,5,E1/E2.1,1.0,
6.0830193,3.4460835,GC0345,5,E1/E2.1,0.9,C/D1
10.237687,8.025707,GC0346,0,A1,1.0,
10.700919,7.5148377,GC0347,0,A1,1.0,
-0.91138524,2.1246855,GC0348,10,E3,1.0,
8.613116,5.86094,GC0350,9,C/D1,1.0,
8.515098,1.3560492,GC0351,6,D2,1.0,
-0.15220362,3.2640016,GC0352,10,E3,1.0,
10.583106,7.988607,GC0353,0,A1,1.0,
14.21302,7.898257,GC0354,11,A2,1.0,
6.884921,5.718605,GC0355,9,C/D1,0.9,E1/E2.1
6.849154,5.800883,GC0356,9,C/D1,0.9,E1/E2.1
9.136822,6.4049797,GC0357,9,C/D1,0.7,A1
2.0343184,4.0347266,GC0358,3,E2.2,0.6,E3
9.493879,6.7638597,GC0359,0,A1,0.6,C/D1
4.212616,0.5004929,GC0360,5,E1/E2.1,0.7,E2.2
0.147459,7.334289,GC0361,7,F1,1.0,
-2.0059423,3.7570572,GC0362,10,E3,1.0,
2.1895247,1.2477208,GC0363,3,E2.2,1.0,
6.445597,0.5904235,GC0366,5,E1/E2.1,0.8,D3
14.954286,7.4906287,GC0370,11,A2,0.9,F3
4.0312276,1.9037839,GC0371,3,E2.2,0.9,E1/E2.1
12.972634,9.528564,GC0372,0,A1,1.0,
2.440502,3.5330353,GC0373,3,E2.2,1.0,
4.7233872,0.46984693,GC0374,5,E1/E2.1,0.8,E2.2
10.0320015,12.027036,GC0375,13,B,1.0,
1.87233,0.72797424,GC0376,3,E2.2,1.0,
-3.120795,7.771798,GC0377,4,F1,1.0,
-0.49007344,8.032606,GC0378,7,F1,1.0,
0.2576634,6.1022434,GC0379,7,F1,0.7,E2.2
-0.1744283,6.8858795,GC0380,7,F1,0.9,D3
14.344163,7.8548303,GC0381,11,A2,1.0,
13.3463955,4.411228,GC0383,2,F3,1.0,
9.69234,12.35012,GC0385,13,B,1.0,
12.42106,8.848022,GC0386,0,A1,1.0,
-1.943108,2.945233,GC0388,10,E3,1.0,
0.5493249,0.98368263,GC0389,3,E2.2,1.0,
-3.092064,8.963952,GC0390,4,F1,1.0,
0.47917467,1.0547465,GC0393,3,E2.2,0.9,E3
12.493196,10.5054455,GC0394,0,A1,1.0,
8.086211,3.0505435,GC0395,6,D2,0.6,E1/E2.1
5.519747,2.786682,GC0396,5,E1/E2.1,1.0,
2.7783322,1.2028841,GC0397,3,E2.2,1.0,
12.622271,6.4104104,GC0398,11,A2,0.5,A1
13.473944,3.099533,GC0399,2,F3,0.7,D4
-0.54356784,2.555939,GC0400,10,E3,1.0,
-2.5158947,3.2229602,GC0401,10,E3,1.0,
6.5208983,4.8853,GC0402,9,C/D1,0.9,E1/E2.1
-3.8859737,7.489031,GC0403,4,F1,1.0,
3.4233108,-0.9769581,GC0405,5,E1/E2.1,1.0,
4.2577157,1.8528732,GC0407,3,E2.2,0.8,E1/E2.1
4.5804176,-0.33355418,GC0408,5,E1/E2.1,1.0,
9.767521,7.6665173,GC0409,0,A1,0.9,C/D1
1.742579,1.4667612,GC0410,3,E2.2,1.0,
8.004708,0.7665186,GC0412,6,D2,1.0,
1.8775319,9.165139,GC0413,7,F1,1.0,
13.298206,6.2714415,GC0414,11,A2,0.7,F3
12.005394,10.397594,GC0415,0,A1,1.0,
15.8062105,6.2056403,GC0416,2,F3,1.0,
8.818133,1.8670198,GC0417,6,D2,1.0,
16.974895,5.71895,GC0418,2,F3,1.0,
16.321033,6.011029,GC0419,2,F3,1.0,
13.171067,6.7695704,GC0420,11,A2,0.9,F3
0.04340452,8.95794,GC0421,7,F1,1.0,
8.48933,10.030402,GC0422,13,B,0.8,A1
12.864475,7.2630916,GC0423,11,A2,0.6,A1
15.728281,6.4553814,GC0424,2,F3,1.0,
8.872782,6.112652,GC0425,9,C/D1,0.8,A1
1.638135,8.392227,GC0426,7,F1,1.0,
15.468236,5.432824,GC0427,2,F3,1.0,
13.840175,6.564593,GC0428,2,F3,0.6,A2
14.358086,6.4257593,GC0429,2,F3,0.8,A2
11.958437,7.3362436,GC0430,0,A1,0.7,A2
15.9252205,6.4393682,GC0431,2,F3,1.0,
8.552588,10.018548,GC0432,13,B,0.7,A1
12.000199,-2.8429718,GC0434,1,D3,1.0,
13.824575,7.5684295,GC0435,11,A2,1.0,
11.440683,7.025637,GC0437,0,A1,0.5,F1
12.645763,7.8646693,GC0438,11,A2,0.7,A1
16.38156,6.2663407,GC0439,2,F3,1.0,
13.231898,-0.97021437,GC0440,1,D3,1.0,
7.459329,6.119569,GC0441,9,C/D1,1.0,
1.692867,9.342556,GC0442,7,F1,1.0,
13.624703,4.25338,GC0443,2,F3,1.0,
11.614294,11.6154,GC0444,0,A1,0.7,A2
16.922546,4.865214,GC0445,2,F3,1.0,
15.627841,4.318033,GC0447,2,F3,1.0,
15.808767,6.789446,GC0448,2,F3,0.9,A2
7.808145,6.254406,GC0449,9,C/D1,1.0,
16.49597,5.34196,GC0450,2,F3,1.0,
16.767641,5.362848,GC0451,2,F3,1.0,
12.850474,6.3337746,GC0452,11,A2,0.6,F3
3.199426,1.3079996,GC0453,3,E2.2,0.8,D3
7.841162,6.664172,GC0454,9,C/D1,0.9,A1
6.068638,0.79406154,GC0455,5,E1/E2.1,1.0,
8.50303,10.4698105,GC0456,13,B,1.0,
13.640922,8.174485,GC0457,11,A2,1.0,
8.533891,1.7208154,GC0458,6,D2,0.8,E1/E2.1
13.378013,7.222511,GC0459,11,A2,1.0,
16.054705,5.3952074,GC0460,2,F3,1.0,
8.838651,1.6607101,GC0461,6,D2,0.9,D3
15.852564,5.2366323,GC0463,2,F3,1.0,
1.8768063,7.870934,GC0464,7,F1,1.0,
12.901561,3.907083,GC0465,2,F3,1.0,
9.89642,6.0651646,GC0466,9,C/D1,0.6,A1
8.293137,7.817903,GC0467,9,C/D1,0.8,A1
12.155445,8.591785,GC0468,11,A2,0.5,A1
8.626228,7.831511,GC0471,9,C/D1,0.8,A1
9.231028,4.461776,GC0472,8,D4,1.0,
12.470703,3.2984948,GC0474,2,F3,1.0,
13.447762,4.082412,GC0475,2,F3,1.0,
12.297513,-1.9491258,GC0478,1,D3,1.0,
9.951522,0.051370986,GC0479,1,D3,1.0,
8.754405,-0.6803101,GC0480,1,D3,1.0,
13.129924,-2.2299945,GC0483,1,D3,1.0,
12.7991495,3.5462105,GC0484,2,F3,0.9,A1
12.852603,3.2656066,GC0486,2,F3,1.0,
8.039461,9.965131,GC0490,13,B,1.0,
7.6652555,-0.84103435,GC0491,1,D3,1.0,
8.899923,12.085946,GC0494,13,B,1.0,
1.7934282,-0.04674539,GC0495,3,E2.2,1.0,
-3.6418314,9.093404,GC0498,4,F1,1.0,
4.617035,2.51245,GC0499,3,E2.2,1.0,
5.8188643,0.38861144,GC0500,5,E1/E2.1,1.0,
9.618523,12.314636,GC0502,13,B,1.0,
10.28756,2.1894426,GC0504,6,D2,1.0,
9.345404,1.3842492,GC0505,6,D2,1.0,
-5.17397,9.197154,GC0506,4,F1,1.0,
-4.4394164,7.6104383,GC0507,4,F1,1.0,
-4.73715,7.6452193,GC0508,4,F1,1.0,
-5.087998,7.992412,GC0511,4,F1,1.0,
-5.1042933,8.448701,GC0512,4,F1,1.0,
9.545155,8.914785,GC0516,0,A1,0.8,C/D1
-3.7672496,8.487265,GC0517,4,F1,1.0,
5.7999806,1.4887865,GC0519,5,E1/E2.1,1.0,
5.8602905,1.9034464,GC0521,5,E1/E2.1,1.0,
11.765076,9.625204,GC0523,0,A1,1.0,
12.370088,9.677225,GC0529,0,A1,0.8,A2
-1.7374263,2.6288872,GC0532,10,E3,1.0,
-3.7871087,7.310699,GC0533,4,F1,1.0,
-3.6292922,8.979262,GC0538,4,F1,1.0,
-3.4275,9.808568,GC0539,4,F1,1.0,
-2.5242925,8.618218,GC0540,4,F1,1.0,
-1.9547039,8.361527,GC0541,4,F1,1.0,
-3.9245753,8.15423,GC0542,4,F1,1.0,
-1.9991952,8.806258,GC0543,4,F1,1.0,
-4.503941,9.352205,GC0547,4,F1,1.0,
-2.061674,9.246862,GC0548,4,F1,1.0,
2.675764,3.262851,GC0549,3,E2.2,1.0,
1.9824224,8.552793,GC0551,7,F1,1.0,
12.283385,10.547298,GC0552,0,A1,1.0,
12.663417,9.681108,GC0553,0,A1,1.0,
12.355726,9.068916,GC0554,0,A1,1.0,
11.610085,9.421399,GC0555,0,A1,1.0,
12.166329,11.244907,GC0556,0,A1,1.0,
12.431504,11.066113,GC0557,0,A1,1.0,
9.662073,9.8797455,GC0558,0,A1,1.0,
10.716366,9.733506,GC0562,0,A1,1.0,
-3.0739286,8.296146,GC0563,4,F1,1.0,
8.525343,6.11915,GC0564,9,C/D1,1.0,
8.180372,6.213333,GC0565,9,C/D1,1.0,
8.046018,6.313738,GC0567,9,C/D1,1.0,
-5.00757,7.876185,GC0572,4,F1,1.0,
-4.1361413,8.877149,GC0573,4,F1,1.0,
8.055648,0.45070168,GC0575,1,D3,0.9,E1/E2.1
-2.1451023,8.597552,GC0576,4,F1,1.0,
-2.9213762,7.770896,GC0577,4,F1,1.0,
-3.5194442,7.4792824,GC0578,4,F1,1.0,
11.553048,11.827659,GC0580,0,A1,0.9,B
-4.100892,7.812256,GC0581,4,F1,1.0,
9.4692335,8.016636,GC0583,0,A1,0.9,C/D1
-4.13893,8.184203,GC0585,4,F1,1.0,
6.0352645,2.7633827,GC0586,5,E1/E2.1,1.0,
-2.4909081,8.165635,GC0587,4,F1,1.0,
11.813698,2.2855194,GC0590,8,D4,0.8,D2
-4.749767,9.533076,GC0591,4,F1,1.0,
-2.9444728,8.542345,GC0593,4,F1,1.0,
-1.7656198,8.277724,GC0594,4,F1,1.0,
-2.5918562,8.44563,GC0597,4,F1,1.0,
3.5024185,1.4058981,GC0606,3,E2.2,1.0,
6.2124567,4.8820167,GC0608,9,C/D1,0.7,E1/E2.1
0.730625,3.5400438,GC0609,10,E3,0.6,E2.2
6.711556,1.4779989,GC0610,5,E1/E2.1,1.0,
1.9375027,0.73772293,GC0611,3,E2.2,1.0,
14.057865,7.733526,GC0613,11,A2,1.0,
-4.6865473,8.888903,GC0618,4,F1,1.0,
1.3511728,5.621979,GC0623,14,E3,1.0,
6.5233817,6.244826,GC0624,9,C/D1,1.0,
-1.9458174,7.1510296,GC0628,4,F1,1.0,
11.628533,7.5166693,GC0629,11,A2,0.3,A1
1.4787819,5.799576,GC0640,14,E3,1.0,
12.886584,6.975913,GC0645,11,A2,1.0,
14.339319,7.444731,GC0646,11,A2,1.0,
11.529464,6.4015803,GC0647,0,A1,0.7,D3
12.154371,6.1074095,GC0658,2,F3,0.2,A1
12.111384,7.1311703,GC0660,11,A2,0.3,A1
13.255656,7.343448,GC0664,11,A2,1.0,
11.28406,0.9714032,GC0668,8,D4,0.6,D3
-2.1625395,2.7816195,GC0669,10,E3,1.0,
14.877702,3.7079196,GC0679,2,F3,1.0,
11.075967,8.376567,GC0684,0,A1,1.0,
-0.060074393,2.2361794,GC0685,10,E3,0.9,E2.2
11.890944,9.529976,GC0687,0,A1,1.0,
11.039393,6.640327,GC0689,0,A1,0.9,C/D1
11.925989,6.8325768,GC0690,0,A1,0.7,A2
12.28512,7.4650307,GC0691,11,A2,0.7,A1
14.530338,7.7489505,GC0693,11,A2,1.0,
-2.2592099,2.7358563,GC0695,10,E3,1.0,
10.972055,8.218621,GC0700,0,A1,1.0,
11.172505,8.678567,GC0702,0,A1,1.0,
1.514874,1.176565,GC0704,3,E2.2,1.0,
0.9876964,5.590704,GC0706,14,E3,1.0,
4.071002,1.5721134,GC0711,3,E2.2,0.8,E1/E2.1
9.51031,1.9762237,GC0721,6,D2,0.9,D3
14.903688,5.5059524,GC0723,2,F3,1.0,
10.219555,12.29423,GC0724,13,B,0.8,A1
13.0254135,6.9816093,GC0728,11,A2,1.0,
-0.74408704,8.165857,GC0741,7,F1,1.0,
1.431647,9.172378,GC0742,7,F1,1.0,
1.610858,9.734894,GC0743,7,F1,1.0,
1.7889144,9.597375,GC0744,7,F1,1.0,
2.093759,9.454932,GC0745,7,F1,1.0,
1.997751,9.072879,GC0746,7,F1,1.0,
0.67214596,8.456862,GC0747,7,F1,1.0,
1.5733923,9.762678,GC0748,7,F1,1.0,
0.03696413,9.5464945,GC0749,7,F1,1.0,
0.5470812,9.050243,GC0750,7,F1,1.0,
1.5858948,9.377505,GC0751,7,F1,1.0,
11.80117,3.73857,GC0754,2,F3,0.6,D4
-0.69689053,7.6106358,GC0758,7,F1,0.6,D3
6.259932,4.372208,GC0762,9,C/D1,0.6,E1/E2.1
13.674011,7.2549725,GC0763,11,A2,1.0,
6.534321,3.974323,GC0766,5,E1/E2.1,0.6,C/D1
8.051097,0.1941547,GC0772,6,D2,1.0,
2.3984804,0.77430415,GC0777,3,E2.2,1.0,
-2.1857414,3.2689192,GC0784,10,E3,1.0,
-1.4954072,3.891654,GC0785,10,E3,1.0,
2.167661,1.5161493,GC0787,3,E2.2,1.0,
-1.4101582,3.6588824,GC0791,10,E3,1.0,
-2.0798054,3.5199127,GC0792,10,E3,1.0,
-2.4666402,3.3742323,GC0793,10,E3,1.0,
14.377325,5.229645,GC0796,2,F3,1.0,
-2.3944464,3.1392825,GC0799,10,E3,1.0,
-1.0528935,4.2587357,GC0800,10,E3,1.0,
-2.2044957,3.4337182,GC0801,10,E3,1.0,
-1.781919,3.2595654,GC0802,10,E3,1.0,
-2.433905,3.5160978,GC0803,10,E3,1.0,
12.521125,7.9331326,GC0805,11,A2,0.8,A1
2.3965287,3.6353352,GC0807,3,E2.2,0.9,F1
0.14449115,1.8580515,GC0808,10,E3,0.6,E2.2
7.5527363,7.111818,GC0812,9,C/D1,1.0,
14.6444435,8.131528,GC0815,11,A2,1.0,
-1.0077395,7.7744584,GC0820,7,F1,1.0,
14.728931,8.329406,GC0822,11,A2,1.0,
7.7017813,5.8565354,GC0829,9,C/D1,0.8,E1/E2.1
9.068788,3.0451639,GC0830,6,D2,0.6,D4
9.994792,2.7837226,GC0832,6,D2,1.0,
6.5706244,-0.06383799,GC0839,5,E1/E2.1,0.7,D3
-0.27693555,2.7896793,GC0841,10,E3,0.9,E2.2
16.88258,5.8678966,GC0842,2,F3,1.0,
-2.2614415,9.812252,GC0850,4,F1,1.0,
11.371846,5.293875,GC0852,8,D4,0.3,A1
-2.4666307,9.815844,GC0858,4,F1,1.0,
-2.342683,8.039791,GC0860,4,F1,1.0,
-2.8228436,10.058704,GC0861,4,F1,1.0,
1.4589807,5.450705,GC0874,14,E3,1.0,
1.762365,1.0284878,GC0875,3,E2.2,1.0,
6.2875795,2.37917,GC0876,5,E1/E2.1,1.0,
1.858174,0.058333207,GC0877,3,E2.2,1.0,
2.59501,0.9424888,GC0878,3,E2.2,1.0,
4.992526,0.51500165,GC0881,5,E1/E2.1,0.9,E2.2
12.660877,9.190758,GC0968,0,A1,1.0,
16.596333,5.894752,GC0979,2,F3,1.0,
15.194666,7.04229,GC1035,11,A2,0.5,F3
9.192997,12.540813,GC1061,13,B,1.0,
10.130411,12.075142,GC1090,13,B,0.7,A1
11.10815,-0.64810646,GC1111,1,D3,1.0,
9.340632,12.220373,GC1128,13,B,1.0,
15.816333,4.955487,GC1131,2,F3,1.0,
6.916409,8.648582,GC1132,9,C/D1,0.9,B
13.988175,8.115793,GC1134,11,A2,0.9,A1
8.010164,0.4974072,GC1135,6,D2,1.0,
9.549679,3.9817712,GC1136,8,D4,0.9,F3
8.736242,4.214038,GC1137,8,D4,1.0,
13.228748,5.75601,GC1138,2,F3,0.9,A2
6.329838,5.7811246,GC1139,9,C/D1,1.0,
14.326966,8.211991,GC1140,11,A2,1.0,
17.141476,5.9775376,GC1141,2,F3,1.0,
11.180371,8.421094,GC1142,0,A1,1.0,
15.124715,4.2569137,GC1143,2,F3,1.0,
6.8913045,8.468742,GC1145,9,C/D1,1.0,
8.502465,11.77667,GC1146,13,B,0.9,C/D1
11.804595,3.5405111,GC1149,2,F3,0.5,D4
12.720472,5.832823,GC1150,2,F3,0.7,A2
12.274558,10.707256,GC1151,0,A1,1.0,
8.09783,6.0073104,GC1152,9,C/D1,1.0,
7.723123,5.294965,GC1153,9,C/D1,0.8,D4
-4.37185,6.098328,GC1154,12,F1,1.0,
11.247318,9.310365,GC1155,0,A1,1.0,
0.60308754,1.3662608,GC1156,3,E2.2,0.9,E3
1.3473396,2.0171986,GC1157,3,E2.2,0.9,E3
-2.4495783,5.970017,GC1158,12,F1,1.0,
-0.42774,2.4039955,GC1159,10,E3,1.0,
-2.6875157,3.5021815,GC1161,10,E3,1.0,
-2.136682,6.9925265,GC1162,4,F1,1.0,
-5.055154,9.652457,GC1163,4,F1,1.0,
-2.9113426,5.2727795,GC1165,12,F1,1.0,
5.393948,2.4924598,GC1166,5,E1/E2.1,0.9,E2.2
2.120526,3.7547576,GC1167,3,E2.2,0.8,E3
12.817273,10.084017,GC1169,0,A1,1.0,
1.027074,2.2714396,GC1171,3,E2.2,0.7,E3
2.190549,2.3698819,GC1172,3,E2.2,1.0,
-3.0445516,7.2068686,GC1173,4,F1,1.0,
-2.0851548,7.3535376,GC1174,4,F1,1.0,
-3.002809,5.4596157,GC1175,12,F1,1.0,
-2.1583636,5.6436863,GC1176,12,F1,1.0,
-3.3924956,5.9711766,GC1177,12,F1,1.0,
9.921182,8.858584,GC1178,0,A1,1.0,
-2.8667626,9.608215,GC1179,4,F1,1.0,
0.3168295,2.761913,GC1180,10,E3,1.0,
-0.9148411,2.1648672,GC1181,10,E3,1.0,
2.0727408,2.0509171,GC1182,3,E2.2,1.0,
2.8378954,2.267304,GC1183,3,E2.2,0.9,E1/E2.1
1.8184443,1.8523424,GC1184,3,E2.2,1.0,
2.8040335,3.359972,GC1185,3,E2.2,1.0,
0.75694275,2.910456,GC1186,10,E3,0.6,E2.2
5.885557,0.9805687,GC1187,5,E1/E2.1,1.0,
2.1228368,2.656824,GC1188,3,E2.2,1.0,
2.1093106,2.150299,GC1189,3,E2.2,1.0,
9.438715,2.827703,GC1190,6,D2,1.0,
9.628771,9.680315,GC1191,0,A1,1.0,
1.254727,1.5484931,GC1192,3,E2.2,1.0,
-3.9202409,5.9035234,GC1193,12,F1,1.0,
-2.1509156,7.9810133,GC1194,4,F1,1.0,
10.056061,2.903332,GC1196,6,D2,1.0,
-1.9307058,7.2598033,GC1197,4,F1,1.0,
-1.482786,6.6317816,GC1198,4,F1,1.0,
0.7371848,3.0782745,GC1199,10,E3,0.8,E2.2
0.82375634,2.7118883,GC1200,10,E3,0.6,E2.2
1.2271376,1.3890392,GC1201,3,E2.2,1.0,
-4.2829604,5.9527445,GC1202,12,F1,1.0,
0.47373316,3.1980338,GC1203,10,E3,1.0,
-1.5882345,7.019766,GC1205,4,F1,1.0,
-1.0825318,3.6652315,GC1206,10,E3,1.0,
7.6514034,1.5041323,GC1207,6,D2,0.6,E1/E2.1
12.818393,5.637939,GC1208,2,F3,0.9,A1
-2.365619,7.5418,GC1209,4,F1,1.0,
-2.2908707,5.832906,GC1210,12,F1,1.0,
1.3076094,4.170872,GC1211,3,E2.2,0.4,F1
-1.4984398,3.6995516,GC1212,10,E3,1.0,
-2.1210496,5.731264,GC1213,12,F1,1.0,
-4.142429,5.9981246,GC1214,12,F1,1.0,
9.985988,9.91638,GC1215,0,A1,1.0,
-1.352632,4.0450478,GC1216,10,E3,1.0,
-0.8532851,5.9448223,GC1217,12,F1,1.0,
-2.0088093,7.5270743,GC1218,4,F1,1.0,
-1.3965656,5.8792872,GC1219,12,F1,1.0,
11.388219,10.927601,GC1220,0,A1,1.0,
1.4802525,4.326955,GC1222,14,E3,0.9,E2.2
11.066111,0.8950203,GC1223,8,D4,0.5,D2
11.894463,11.573304,GC1224,0,A1,1.0,
9.065257,-0.59481514,GC1225,1,D3,0.8,D2
1.4233605,5.0667276,GC1226,14,E3,1.0,
-1.8763086,5.7610993,GC1227,12,F1,1.0,
-0.87569964,6.5668807,GC1228,7,F1,0.9,E3
-0.9499857,6.599527,GC1229,7,F1,1.0,
1.5818582,5.999256,GC1230,14,E3,1.0,
11.689548,10.707216,GC1231,0,A1,1.0,
2.7186131,1.5527456,GC1232,3,E2.2,1.0,
0.38845333,5.942332,GC1233,7,F1,0.5,E2.2
4.7124143,2.285623,GC1234,3,E2.2,0.9,C/D1
-1.3106325,5.5051723,GC1235,12,F1,1.0,
1.2815295,4.0490465,GC1236,10,E3,0.7,E2.2
-1.7140398,7.3143353,GC1237,4,F1,1.0,
-0.2904307,7.096225,GC1238,7,F1,1.0,
10.034141,0.8667489,GC1240,6,D2,1.0,
-4.8772383,9.034363,GC1241,4,F1,1.0,
-1.3121606,4.083215,GC1242,10,E3,1.0,
-0.3277493,3.3967347,GC1243,10,E3,1.0,
1.7194145,1.3986837,GC1244,3,E2.2,1.0,
2.6643534,3.8729682,GC1245,3,E2.2,1.0,
11.62045,11.484761,GC1246,0,A1,1.0,
-3.8483093,9.831797,GC1247,4,F1,1.0,
2.5384233,2.4049358,GC1248,3,E2.2,1.0,
-3.5148327,10.552599,GC1249,4,F1,1.0,
1.409025,1.2004467,GC1250,3,E2.2,1.0,
-3.5615866,8.131632,GC1251,4,F1,1.0,
7.8731785,3.439015,GC1252,8,D4,0.6,E1/E2.1
-1.1814367,3.6937306,GC1253,10,E3,1.0,
-2.3871357,5.845653,GC1254,12,F1,1.0,
2.7876086,3.8779225,GC1255,3,E2.2,1.0,
9.896332,2.5675173,GC1256,6,D2,1.0,
10.145333,7.449078,GC1257,0,A1,1.0,
0.98018247,0.6709622,GC1258,3,E2.2,1.0,
1.427198,0.83205634,GC1259,3,E2.2,1.0,
9.864814,10.419318,GC1260,0,A1,1.0,
0.34644327,2.623697,GC1262,10,E3,0.8,E2.2
-1.8979243,6.1260843,GC1264,12,F1,1.0,
3.603623,-1.0242413,GC1266,5,E1/E2.1,1.0,
-5.245358,8.236515,GC1267,4,F1,1.0,
1.0574397,5.3146634,GC1269,14,E3,1.0,
1.7425528,2.200603,GC1270,3,E2.2,0.9,E3
-0.5309114,6.18838,GC1271,7,F1,0.9,A1
-2.8897185,7.3713965,GC1275,4,F1,1.0,
-0.20331134,1.5254337,GC1276,10,E3,0.6,E2.2
10.05109,2.9741702,GC1277,6,D2,1.0,
2.0487242,1.5059493,GC1278,3,E2.2,1.0,
8.916284,0.86298877,GC1279,6,D2,0.9,D3
0.03943036,10.03967,GC1280,7,F1,1.0,
-1.3396146,5.9238186,GC1281,12,F1,1.0,
12.31248,9.868211,GC1282,0,A1,1.0,
10.038966,2.9348853,GC1284,6,D2,1.0,
11.408506,11.668193,GC1285,0,A1,0.8,B
10.015721,8.111829,GC1286,0,A1,1.0,
7.4892297,0.06331868,GC1287,6,D2,0.9,E1/E2.1
-2.701194,5.347506,GC1288,12,F1,1.0,
1.2271096,0.8134884,GC1291,3,E2.2,1.0,
-1.8038455,6.982391,GC1292,4,F1,1.0,
-4.2756596,7.432009,GC1293,4,F1,1.0,
-2.5573754,5.6823616,GC1294,12,F1,1.0,
10.236434,9.185258,GC1295,0,A1,1.0,
-0.23739123,3.5339468,GC1296,10,E3,0.8,E2.2
5.0996633,0.4297964,GC1297,5,E1/E2.1,0.9,E2.2
-3.2355845,5.4749556,GC1298,12,F1,1.0,
-0.7429656,3.5930855,GC1299,10,E3,0.8,F1
10.090152,9.92682,GC1300,0,A1,1.0,
-4.1098394,6.3983746,GC1301,12,F1,1.0,
11.833134,-1.3717123,GC1302,1,D3,1.0,
3.6571536,2.8530304,GC1303,3,E2.2,0.9,E1/E2.1
10.428285,10.837266,GC1304,0,A1,1.0,
2.3936632,3.9356241,GC1305,3,E2.2,1.0,
-2.410792,5.3660207,GC1306,12,F1,1.0,
9.751025,10.305599,GC1307,0,A1,1.0,
-1.7438182,6.0974865,GC1310,12,F1,1.0,
10.989997,9.931971,GC1311,0,A1,0.9,A2
3.8463085,2.5925715,GC1313,3,E2.2,0.9,E1/E2.1
2.2956455,2.804229,GC1314,3,E2.2,1.0,
3.9667346,-0.456676,GC1316,5,E1/E2.1,0.9,E2.2
12.378319,11.630833,GC1317,0,A1,1.0,
9.952699,1.0619473,GC1318,6,D2,1.0,
10.962231,11.191797,GC1319,0,A1,1.0,
2.3424861,2.866859,GC1320,3,E2.2,1.0,
11.108951,11.423176,GC1321,0,A1,1.0,
10.948237,11.315923,GC1322,0,A1,1.0,
7.644079,0.73982114,GC1323,6,D2,0.9,E1/E2.1
9.2105,2.4894092,GC1324,6,D2,1.0,
9.991603,10.662952,GC1327,0,A1,1.0,
10.796763,11.06909,GC1328,0,A1,1.0,
10.468353,8.944306,GC1329,0,A1,1.0,
-0.28573447,7.4679904,GC1330,7,F1,1.0,
0.620887,2.935805,GC1331,10,E3,1.0,
10.986642,7.575502,GC1332,0,A1,0.9,A2
0.024228543,3.214466,GC1334,10,E3,0.9,E2.2
9.873493,10.230978,GC1335,0,A1,1.0,
8.234836,8.220333,GC1336,9,C/D1,0.6,A1
-0.72387093,3.8030272,GC1337,10,E3,0.8,F1
7.0903897,8.4882,GC1338,9,C/D1,1.0,
5.3737087,2.1015985,GC1340,5,E1/E2.1,0.8,E2.2
11.115747,10.613128,GC1341,0,A1,0.7,A2
13.072624,5.2512875,GC1342,2,F3,0.9,A2
-0.8406862,3.7264225,GC1343,10,E3,1.0,
7.18484,1.7420669,GC1344,5,E1/E2.1,0.3,D4
-0.03817058,3.1394374,GC1345,10,E3,1.0,
7.2204742,8.236064,GC1346,9,C/D1,1.0,
0.5849911,7.167352,GC1350,7,F1,1.0,
6.162591,6.061518,GC1351,9,C/D1,1.0,
6.2570987,6.1103477,GC1352,9,C/D1,1.0,
12.57106,1.864274,GC1354,8,D4,1.0,
-1.4729754,3.4165173,GC1355,10,E3,1.0,
11.094017,7.268467,GC1356,0,A1,0.8,A2
0.60115826,5.4518495,GC1357,14,E3,0.9,F1
10.797082,6.8995547,GC1358,0,A1,1.0,
13.73003,7.423972,GC1360,11,A2,1.0,
11.848308,7.3165936,GC1361,11,A2,0.6,A1
1.7542485,3.2287233,GC1363,3,E2.2,0.9,E3
8.099363,-1.2744008,GC1364,1,D3,0.8,D2
0.16898797,3.0867572,GC1365,10,E3,1.0,
15.668071,6.5295463,GC1366,11,A2,0.5,F3
15.485573,6.600379,GC1367,2,F3,0.8,A2
11.747527,-3.335285,GC1369,1,D3,1.0,
11.897284,9.221265,GC1370,0,A1,1.0,
2.1203387,4.2761006,GC1371,0,A1,0.6,E2.2
10.295104,9.15079,GC1372,0,A1,1.0,
15.923241,6.0333548,GC1373,2,F3,1.0,
16.048891,5.592756,GC1374,2,F3,1.0,
16.110779,5.4426093,GC1375,2,F3,1.0,
15.213845,7.269722,GC1376,11,A2,0.9,F3
6.5506034,6.8125343,GC1377,9,C/D1,1.0,
-1.116087,3.0836248,GC1378,10,E3,1.0,
16.881302,6.212071,GC1379,2,F3,1.0,
1.9622128,8.897849,GC1381,7,F1,1.0,
0.3983757,3.1196804,GC1382,10,E3,1.0,
10.57828,4.2189426,GC1383,8,D4,0.8,C/D1
9.206685,8.459968,GC1385,0,A1,0.8,B
8.796635,8.865534,GC1386,13,B,0.1,A1
9.596359,2.3503826,GC1388,6,D2,1.0,
8.173732,-0.811783,GC1389,1,D3,0.9,D2
14.773356,4.345158,GC1390,2,F3,1.0,
-2.1677632,3.667421,GC1394,10,E3,1.0,
9.210434,2.2300124,GC1395,6,D2,1.0,
-2.377089,3.450811,GC1397,10,E3,1.0,
-0.024032151,3.9412248,GC1398,10,E3,0.6,F1
14.870629,7.1750994,GC1399,11,A2,0.7,F3
7.12384,5.579776,GC1400,9,C/D1,0.9,E1/E2.1
6.836048,6.3747783,GC1401,9,C/D1,1.0,
8.739225,0.96073407,GC1402,6,D2,0.9,D3
6.2642694,6.203049,GC1404,9,C/D1,1.0,
8.759095,12.391344,GC1405,13,B,1.0,
9.05621,12.368787,GC1406,13,B,1.0,
10.946121,8.446364,GC1408,0,A1,1.0,
6.3594823,6.5162787,GC1410,9,C/D1,1.0,
14.471795,8.360878,GC1411,11,A2,1.0,
12.714573,6.558833,GC1413,11,A2,0.7,A1
8.239269,3.888924,GC1415,8,D4,0.8,D2
14.689952,8.281674,GC1416,11,A2,1.0,
10.516592,7.217486,GC1418,0,A1,1.0,
13.760769,5.468867,GC1419,2,F3,0.9,A2
12.931862,5.1069994,GC1420,2,F3,0.9,D4
7.239233,1.401859,GC1422,5,E1/E2.1,0.6,D3
6.109946,3.4205256,GC1425,5,E1/E2.1,0.8,C/D1
2.084448,2.9272437,GC1428,3,E2.2,0.9,F1
14.455057,6.535503,GC1430,2,F3,1.0,
15.907176,5.305829,GC1431,2,F3,1.0,
9.882246,-2.1133747,GC1432,1,D3,1.0,
15.481097,6.4065123,GC1433,2,F3,1.0,
16.366245,5.93447,GC1434,2,F3,1.0,
14.770135,6.2731743,GC1435,2,F3,1.0,
14.842618,6.322517,GC1436,2,F3,1.0,
16.260065,5.408479,GC1437,2,F3,1.0,
14.237666,6.0389857,GC1438,2,F3,1.0,
17.11575,5.8490176,GC1439,2,F3,1.0,
16.549818,6.5223017,GC1440,2,F3,1.0,
12.4436455,4.7396913,GC1441,2,F3,0.7,A1
16.7784,5.5575185,GC1442,2,F3,1.0,
-0.3910297,5.769263,GC1443,7,F1,0.7,E3
10.040029,1.6500959,GC1444,6,D2,1.0,
13.1420145,4.701393,GC1445,2,F3,1.0,
14.895077,4.495276,GC1446,2,F3,1.0,
-2.5095308,5.709415,GC1447,12,F1,1.0,
13.896715,4.454154,GC1448,2,F3,1.0,
15.318228,4.496017,GC1449,2,F3,1.0,
13.596741,4.077179,GC1450,2,F3,1.0,
12.750806,4.765889,GC1451,2,F3,1.0,
14.857931,4.8660574,GC1452,2,F3,1.0,
14.996234,4.4115634,GC1453,2,F3,1.0,
15.90389,4.3558984,GC1455,2,F3,1.0,
16.420773,4.7454653,GC1456,2,F3,1.0,
14.761501,4.1392674,GC1457,2,F3,1.0,
6.4724274,1.9401515,GC1459,5,E1/E2.1,1.0,
-3.0311182,9.370434,GC1460,4,F1,1.0,
-4.7823462,9.438878,GC1461,4,F1,1.0,
10.140929,-0.78855515,GC1462,1,D3,1.0,
10.241707,10.149279,GC1463,0,A1,1.0,
12.19692,9.182798,GC1464,0,A1,1.0,
10.876513,2.6207223,GC1465,6,D2,0.6,F3
11.413112,11.240956,GC1466,0,A1,1.0,
10.243037,10.502134,GC1467,0,A1,1.0,
11.67333,10.208805,GC1468,0,A1,1.0,
16.127256,4.4704275,GC1469,2,F3,1.0,
13.284536,10.851629,GC1470,0,A1,1.0,
9.626814,8.9426565,GC1472,0,A1,0.9,C/D1
3.1846838,-0.94888943,GC1473,5,E1/E2.1,1.0,
15.317112,4.2236457,GC1474,2,F3,1.0,
11.639026,10.663198,GC1475,0,A1,1.0,
11.848487,10.547558,GC1476,0,A1,1.0,
11.905456,-1.5802624,GC1478,1,D3,1.0,
11.466466,8.132507,GC1479,11,A2,0.6,A1
11.326369,9.273946,GC1480,0,A1,1.0,
-2.1030815,9.098922,GC1481,4,F1,1.0,
14.305162,4.1421127,GC1482,2,F3,1.0,
3.0836732,-0.6176045,GC1483,5,E1/E2.1,0.9,E2.2
7.167642,8.18467,GC1485,9,C/D1,1.0,
-4.2580786,7.9689026,GC1488,4,F1,1.0,
-1.190543,5.3857317,GC1489,12,F1,1.0,
7.584762,-0.44433942,GC1490,1,D3,0.9,E1/E2.1
13.190759,9.92952,GC1492,0,A1,1.0,
14.328756,4.0043325,GC1493,2,F3,1.0,
15.195421,4.7634954,GC1494,2,F3,1.0,
-2.798445,7.2812734,GC1495,4,F1,1.0,
10.712742,10.594329,GC1496,0,A1,1.0,
9.994203,4.6518316,GC1497,8,D4,1.0,
13.813527,3.5912952,GC1498,2,F3,1.0,
-4.49026,9.2373905,GC1500,4,F1,1.0,
11.980578,11.007311,GC1501,0,A1,1.0,
6.2157545,2.0627682,GC1502,5,E1/E2.1,1.0,
12.624821,9.786961,GC1504,0,A1,1.0,
-2.4482133,5.6789646,GC1505,12,F1,1.0,
-3.0520933,5.5340176,GC1507,12,F1,1.0,
11.118944,1.9330305,GC1509,8,D4,0.7,D2
11.701146,5.394441,GC1510,2,F3,0.4,D4
10.62613,9.179944,GC1512,0,A1,1.0,
10.70324,7.423902,GC1513,0,A1,1.0,
16.135904,4.7542524,GC1514,2,F3,1.0,
-3.6292822,5.883785,GC1515,12,F1,1.0,
8.060549,6.9215817,GC1516,9,C/D1,0.9,A1
10.196489,10.168984,GC1518,0,A1,1.0,
13.064543,10.368537,GC1519,0,A1,1.0,
11.917167,2.4459858,GC1520,8,D4,1.0,
9.469695,-2.1176648,GC1524,1,D3,1.0,
-5.345524,8.411283,GC1525,4,F1,1.0,
11.132652,11.925807,GC1526,0,A1,0.7,B
8.65458,11.154849,GC1527,13,B,1.0,
15.117337,5.820855,GC1528,2,F3,1.0,
13.258273,10.126072,GC1529,0,A1,1.0,
12.873354,10.884289,GC1530,0,A1,1.0,
11.364695,1.7896744,GC1531,8,D4,0.6,D2
14.535297,5.77533,GC1532,2,F3,1.0,
10.657056,5.0300426,GC1533,8,D4,0.6,C/D1
11.483488,6.0801964,GC1534,0,A1,0.4,A2
5.826338,3.0335155,GC1535,5,E1/E2.1,1.0,
16.168913,6.606281,GC1536,2,F3,1.0,
12.72756,9.930726,GC1537,0,A1,1.0,
12.345208,8.760845,GC1538,0,A1,1.0,
11.471648,9.420947,GC1539,0,A1,1.0,
10.139443,8.344862,GC1540,0,A1,1.0,
12.649166,10.740248,GC1541,0,A1,1.0,
10.908611,-2.7017753,GC1543,1,D3,1.0,
12.634535,5.7671843,GC1544,2,F3,0.5,A2
9.11574,8.168208,GC1545,9,C/D1,0.2,A1
10.383005,8.817607,GC1547,0,A1,1.0,
12.410204,9.125883,GC1548,0,A1,1.0,
12.24466,5.557542,GC1551,2,F3,0.5,A1
10.712285,9.895558,GC1552,0,A1,0.9,B
13.680415,4.475281,GC1553,2,F3,1.0,
6.127857,2.5545576,GC1554,5,E1/E2.1,1.0,
-1.4529912,7.9271255,GC1555,4,F1,1.0,
13.234251,10.451536,GC1556,0,A1,1.0,
10.445053,4.6789856,GC1557,8,D4,0.9,F3
12.026583,9.929454,GC1558,0,A1,1.0,
9.71493,-1.6831824,GC1560,1,D3,1.0,
12.183287,10.13862,GC1561,0,A1,1.0,
8.985424,11.85709,GC1562,13,B,1.0,
11.887497,11.541518,GC1563,0,A1,0.9,A2
12.307869,10.884643,GC1564,0,A1,1.0,
8.584307,-0.24617632,GC1565,1,D3,1.0,
11.794445,3.610228,GC1566,8,D4,0.8,F3
12.272938,3.6884296,GC1568,2,F3,0.9,D4
4.0371923,1.2401452,GC1569,3,E2.2,1.0,
6.2703743,1.6598283,GC1570,5,E1/E2.1,1.0,
7.076334,7.171917,GC1571,9,C/D1,1.0,
-2.7858133,6.141854,GC1572,12,F1,1.0,
8.337557,-1.4624959,GC1573,1,D3,1.0,
-2.881946,7.8049326,GC1574,4,F1,1.0,
2.9088511,-0.32965612,GC1575,5,E1/E2.1,0.8,E2.2
3.330465,-0.99228466,GC1576,5,E1/E2.1,1.0,
8.625712,2.7831812,GC1577,6,D2,0.9,E1/E2.1
-3.0329714,5.454537,GC1578,12,F1,1.0,
-2.974358,7.7958117,GC1579,4,F1,1.0,
-4.321938,6.4278364,GC1580,12,F1,1.0,
-5.401479,7.83759,GC1581,4,F1,1.0,
-2.031866,7.667936,GC1582,4,F1,1.0,
-2.476141,7.684551,GC1583,4,F1,1.0,
6.717172,2.4588134,GC1584,5,E1/E2.1,1.0,
14.664064,4.0108604,GC1586,2,F3,1.0,
6.048273,2.1998096,GC1587,5,E1/E2.1,1.0,
6.340264,1.8343303,GC1588,5,E1/E2.1,1.0,
14.475026,4.2070885,GC1589,2,F3,1.0,
-4.410623,7.7222114,GC1590,4,F1,1.0,
7.233447,6.863027,GC1591,9,C/D1,1.0,
-4.7966957,9.234689,GC1595,4,F1,1.0,
-4.7267356,7.765371,GC1596,4,F1,1.0,
13.271967,8.468777,GC1598,11,A2,0.9,A1
-3.3930347,8.305777,GC1599,4,F1,1.0,
14.401302,4.5845494,GC1600,2,F3,1.0,
12.354088,1.6732852,GC1601,8,D4,1.0,
-1.695186,5.876037,GC1603,12,F1,1.0,
-2.8821373,5.8661265,GC1604,12,F1,1.0,
-2.5715435,8.031962,GC1605,4,F1,1.0,
-3.0830548,5.869948,GC1606,12,F1,1.0,
-5.1458316,7.548231,GC1607,4,F1,1.0,
-4.8633633,7.832419,GC1608,4,F1,1.0,
6.5150256,1.3882486,GC1609,5,E1/E2.1,1.0,
6.334979,2.8181355,GC1610,5,E1/E2.1,1.0,
-4.665575,6.568214,GC1611,12,F1,1.0,
6.3597927,2.211122,GC1613,5,E1/E2.1,1.0,
1.5747983,3.2506824,GC1614,10,E3,0.5,E2.2
9.4905205,1.6495495,GC1616,6,D2,1.0,
15.018284,4.5246825,GC1617,2,F3,1.0,
14.827476,4.566053,GC1618,2,F3,1.0,
3.034711,-0.69506335,GC1619,5,E1/E2.1,0.9,E2.2
3.2308435,-0.24739783,GC1620,5,E1/E2.1,0.9,E2.2
11.900666,9.920196,GC1621,0,A1,1.0,
-3.2285388,8.641591,GC1622,4,F1,1.0,
9.626,3.9992914,GC1623,8,D4,0.8,F3
11.119899,11.969716,GC1624,0,A1,0.6,B
-3.4350626,5.726356,GC1627,12,F1,1.0,
13.934215,4.604292,GC1629,2,F3,1.0,
11.551334,-1.563021,GC1630,1,D3,1.0,
11.243326,3.5883422,GC1631,2,F3,0.2,D4
7.79747,0.72837806,GC1632,6,D2,0.9,E1/E2.1
13.264927,7.7129717,GC1634,11,A2,1.0,
12.345254,-3.2717955,GC1635,1,D3,1.0,
10.772071,0.76606894,GC1636,8,D4,0.4,D3
11.447211,1.333393,GC1637,8,D4,0.9,D3
8.387152,-1.2835388,GC1640,1,D3,1.0,
12.708075,-1.7290504,GC1641,1,D3,1.0,
15.50279,5.737336,GC1642,2,F3,1.0,
11.730219,-1.2207365,GC1643,1,D3,1.0,
14.556312,7.8719134,GC1644,11,A2,1.0,
-4.9904757,7.613026,GC1645,4,F1,1.0,
8.241931,8.084075,GC1646,9,C/D1,0.7,A1
-3.7507114,9.577195,GC1647,4,F1,1.0,
12.451422,10.149123,GC1651,0,A1,1.0,
12.013843,9.573138,GC1652,0,A1,1.0,
11.935158,-3.4270062,GC1653,1,D3,1.0,
12.2898445,1.4468651,GC1655,8,D4,1.0,
0.05136866,7.2275357,GC1657,7,F1,1.0,
-1.5159897,5.6696615,GC1658,12,F1,1.0,
11.252223,1.0483421,GC1659,8,D4,0.6,D3
11.674149,-2.755742,GC1661,1,D3,1.0,
8.92889,-0.65664095,GC1662,1,D3,1.0,
9.69836,1.6750141,GC1663,6,D2,1.0,
6.8396244,5.933739,GC1664,9,C/D1,1.0,
9.588256,7.981851,GC1666,9,C/D1,0.5,A1
9.631983,7.290309,GC1667,0,A1,0.8,C/D1
13.168839,8.070414,GC1668,11,A2,0.8,A1
12.775185,3.5947948,GC1669,2,F3,1.0,
6.892607,6.6114397,GC1670,9,C/D1,1.0,
12.869516,8.383562,GC1671,11,A2,0.6,A1
13.019917,7.9226437,GC1672,11,A2,0.9,A1
11.337655,5.8217726,GC1673,0,A1,0.8,F3
12.663303,3.6339936,GC1674,2,F3,0.9,A1
7.5765834,2.507876,GC1675,5,E1/E2.1,0.7,D2
12.63566,3.6265194,GC1677,2,F3,1.0,
12.707436,8.004517,GC1678,11,A2,0.7,A1
1.2741135,0.18922466,GC1680,3,E2.2,1.0,
8.510901,7.6341662,GC1681,9,C/D1,0.7,A1
11.107314,-3.1791415,GC1682,1,D3,1.0,
11.899454,1.9425722,GC1683,8,D4,1.0,
8.200136,9.858612,GC1684,13,B,1.0,
7.957501,10.090622,GC1685,13,B,1.0,
8.531958,10.171825,GC1686,13,B,0.8,A1
13.09565,7.6846633,GC1687,11,A2,0.9,A1
11.656231,7.5653462,GC1688,0,A1,0.7,A2
12.004777,1.5087123,GC1689,8,D4,1.0,
8.014795,10.270385,GC1690,13,B,1.0,
4.284129,-0.9734517,GC1691,5,E1/E2.1,1.0,
9.663225,-2.279025,GC1692,1,D3,1.0,
10.210221,-2.648052,GC1693,1,D3,1.0,
7.9305825,-0.8568271,GC1694,1,D3,0.9,D2
11.230154,6.818619,GC1696,0,A1,1.0,
11.023266,-3.2017176,GC1697,1,D3,1.0,
10.173078,6.3576818,GC1699,0,A1,0.8,C/D1
10.468127,6.378159,GC1700,0,A1,0.6,C/D1
12.8082485,-2.7096217,GC1701,1,D3,1.0,
10.14226,-1.9831505,GC1702,1,D3,1.0,
13.73659,8.581666,GC1704,11,A2,0.8,A1
12.187788,-2.891994,GC1705,1,D3,1.0,
-1.3818175,3.33699,GC1706,10,E3,1.0,
15.669967,6.314325,GC1707,2,F3,1.0,
16.61015,6.1540575,GC1708,2,F3,1.0,
7.704883,0.54620934,GC1709,6,D2,0.9,E1/E2.1
11.568798,-3.3805025,GC1710,1,D3,1.0,
8.28674,-1.3347753,GC1712,1,D3,1.0,
6.8463454,2.5463681,GC1713,5,E1/E2.1,1.0,
10.947447,-2.727801,GC1714,1,D3,1.0,
11.461082,-3.7084305,GC1715,1,D3,1.0,
7.2997847,6.4478593,GC1716,9,C/D1,1.0,
10.827737,-2.5461874,GC1718,1,D3,1.0,
14.01714,7.9938674,GC1719,11,A2,1.0,
12.210624,1.0252799,GC1720,8,D4,0.9,D3
9.6382885,11.8644705,GC1721,13,B,1.0,
6.926718,1.4769076,GC1722,5,E1/E2.1,1.0,
13.122808,-2.2267015,GC1723,1,D3,1.0,
9.877097,11.821392,GC1724,13,B,1.0,
8.924475,1.888569,GC1725,6,D2,1.0,
10.855575,8.024395,GC1726,0,A1,1.0,
13.030095,10.038817,GC1727,0,A1,1.0,
9.229698,12.111308,GC1728,13,B,1.0,
7.353711,6.6870456,GC1729,9,C/D1,0.9,E1/E2.1
8.782627,-1.4461393,GC1730,1,D3,1.0,
9.2219,1.7491127,GC1731,6,D2,1.0,
11.034402,8.065574,GC1732,0,A1,1.0,
9.836952,11.65326,GC1733,13,B,0.9,A1
13.04364,7.5382314,GC1734,11,A2,0.7,A1
8.487787,1.2320024,GC1736,6,D2,1.0,
7.137988,6.284529,GC1737,9,C/D1,1.0,
8.862435,11.601249,GC1738,13,B,1.0,
11.696737,1.6683676,GC1739,8,D4,1.0,
9.110291,-1.1269828,GC1741,1,D3,1.0,
10.147925,6.883979,GC1742,0,A1,0.7,A2
8.763729,-0.73389965,GC1743,1,D3,1.0,
7.102289,6.5808134,GC1744,9,C/D1,0.9,E1/E2.1
10.42291,7.8970847,GC1745,0,A1,1.0,
13.648486,10.514074,GC1746,0,A1,1.0,
12.188438,1.7700202,GC1747,8,D4,1.0,
9.362606,-1.1151428,GC1748,1,D3,1.0,
10.846875,-2.0275776,GC1749,1,D3,1.0,
7.086196,6.078905,GC1750,9,C/D1,1.0,
11.36144,-1.4686619,GC1751,1,D3,1.0,
10.57839,8.517679,GC1752,0,A1,1.0,
12.722437,6.4896035,GC1753,11,A2,0.9,F3
11.88015,1.1183219,GC1754,8,D4,0.9,D3
12.310665,-1.7802038,GC1755,1,D3,1.0,
9.250325,11.831658,GC1756,13,B,1.0,
11.427369,-2.8983834,GC1757,1,D3,1.0,
11.419697,-1.3351315,GC1758,1,D3,1.0,
7.431305,6.4057446,GC1759,9,C/D1,0.9,E1/E2.1
10.346944,-0.940302,GC1760,1,D3,1.0,
9.969845,-0.8939816,GC1761,1,D3,1.0,
11.290641,-2.1564562,GC1762,1,D3,1.0,
9.874355,2.2920172,GC1763,6,D2,1.0,
9.456303,-1.3422059,GC1764,1,D3,1.0,
11.098523,-2.8050683,GC1765,1,D3,1.0,
12.129004,-2.4177132,GC1766,1,D3,1.0,
11.395749,-3.4254541,GC1768,1,D3,1.0,
15.840996,4.320812,GC1769,2,F3,1.0,
9.921016,1.9682188,GC1770,6,D2,1.0,
8.624599,1.2499297,GC1771,6,D2,1.0,
10.630946,7.999143,GC1772,0,A1,1.0,
11.83219,-1.8139108,GC1773,1,D3,1.0,
11.730247,-3.3026137,GC1775,1,D3,1.0,
8.17956,-1.4971814,GC1776,1,D3,1.0,
8.826571,1.528295,GC1777,6,D2,1.0,
12.167878,-2.2229688,GC1778,1,D3,1.0,
12.338902,-2.5867772,GC1780,1,D3,1.0,
10.478033,-2.219524,GC1783,1,D3,1.0,
9.069156,-1.7515165,GC1787,1,D3,0.9,D2
9.391765,1.7055821,GC1788,6,D2,0.9,D3
12.4936495,-3.2515705,GC1789,1,D3,1.0,
11.727505,1.162603,GC1790,8,D4,0.8,D3
13.557084,-2.5034893,GC1791,1,D3,1.0,
11.755472,-2.7615159,GC1792,1,D3,1.0,
15.371553,4.0409813,GC1793,2,F3,1.0,
12.940722,10.780236,GC1794,0,A1,1.0,
9.458865,1.2685801,GC1795,6,D2,0.8,D4
10.947106,-1.3930103,GC1796,1,D3,1.0,
7.9381995,1.0484285,GC1797,6,D2,0.9,E1/E2.1
13.362095,5.4034677,GC1798,2,F3,1.0,
7.2944636,5.337176,GC1799,9,C/D1,1.0,
0.5521997,8.906159,GC1800,7,F1,1.0,
11.424262,-0.80238587,GC1801,1,D3,1.0,
0.007676545,8.862531,GC1804,7,F1,1.0,
1.6436164,8.572817,GC1805,7,F1,1.0,
-0.43986043,7.6560225,GC1806,7,F1,1.0,
0.039404124,9.809185,GC1807,7,F1,1.0,
1.1944523,7.926702,GC1808,7,F1,1.0,
2.0357924,8.313819,GC1809,7,F1,1.0,
1.0864826,9.062519,GC1810,7,F1,1.0,
1.3724331,8.086281,GC1811,7,F1,1.0,
6.9611945,2.271944,GC1812,5,E1/E2.1,1.0,
1.7857413,8.005401,GC1813,7,F1,1.0,
11.757769,4.9482536,GC1814,2,F3,0.3,A1
11.072594,3.95047,GC1815,8,D4,0.8,F3
11.422211,4.774576,GC1816,0,A1,0.4,D4
0.38224664,7.695302,GC1817,7,F1,1.0,
0.39625025,9.658063,GC1819,7,F1,1.0,
0.7483698,8.977663,GC1821,7,F1,1.0,
11.242856,-0.5505866,GC1823,1,D3,1.0,
7.9979315,3.7172859,GC1824,8,D4,0.9,E1/E2.1
8.450461,2.5873685,GC1825,6,D2,0.8,E1/E2.1
8.774938,3.6617136,GC1826,8,D4,0.7,D2
8.527039,4.0610604,GC1827,8,D4,1.0,
7.9908266,1.5853945,GC1828,1,D3,0.6,E1/E2.1
10.025839,8.643006,GC1830,0,A1,0.9,C/D1
8.250104,3.438163,GC1832,8,D4,0.6,D2
9.720376,0.58142483,GC1833,6,D2,1.0,
8.378975,0.62755007,GC1835,6,D2,1.0,
10.13804,0.77006775,GC1836,6,D2,1.0,
9.757932,0.72467,GC1837,6,D2,1.0,
9.212037,0.26211905,GC1838,6,D2,0.7,D3
11.550959,3.316429,GC1839,8,D4,0.8,A1
13.732953,7.824279,GC1843,11,A2,1.0,
2.291442,8.191477,GC1844,7,F1,1.0,
12.979064,4.9859247,GC1845,2,F3,0.6,A1
11.498861,-0.36700848,GC1846,1,D3,0.8,D2
10.175132,1.2660121,GC1847,6,D2,1.0,
11.602478,0.13730489,GC1848,1,D3,1.0,
10.207309,1.0404102,GC1849,6,D2,1.0,
9.487835,1.36117,GC1850,6,D2,1.0,
4.6674438,-0.35483655,GC1851,5,E1/E2.1,1.0,
7.8698463,1.5687443,GC1852,6,D2,0.6,E1/E2.1
4.5756626,-0.76503354,GC1853,5,E1/E2.1,1.0,
8.997454,4.088019,GC1854,8,D4,1.0,
10.761922,-1.8961372,GC1856,1,D3,1.0,
7.1769285,7.665537,GC1857,9,C/D1,0.8,B
11.03303,6.227992,GC1858,0,A1,0.7,C/D1
14.204395,8.34125,GC1859,11,A2,1.0,
-0.31638283,9.236677,GC1860,7,F1,1.0,
10.946388,3.5831006,GC1861,8,D4,0.9,F3
8.17603,0.42296937,GC1863,6,D2,0.9,D3
4.6161056,0.036000594,GC1864,5,E1/E2.1,1.0,
12.089855,-3.3305416,GC1865,1,D3,1.0,
10.704108,3.729049,GC1866,8,D4,0.9,F3
9.599645,4.7905545,GC1867,8,D4,1.0,
10.490834,1.4300277,GC1868,6,D2,1.0,
9.575393,4.7180643,GC1869,8,D4,1.0,
10.104857,4.244609,GC1870,8,D4,1.0,
9.172119,4.7066336,GC1871,8,D4,1.0,
8.869557,1.0488086,GC1872,6,D2,1.0,
9.801778,4.159766,GC1873,8,D4,1.0,
9.512708,4.398745,GC1874,8,D4,1.0,
8.761808,4.401025,GC1875,8,D4,1.0,
8.719467,4.662868,GC1876,8,D4,1.0,
8.695478,4.4731827,GC1877,8,D4,1.0,
8.61203,2.7812796,GC1878,6,D2,0.9,D4
9.715604,9.63876,GC1879,0,A1,1.0,
9.531965,4.597313,GC1880,8,D4,1.0,
9.73682,4.6147065,GC1881,8,D4,1.0,
10.032653,4.4846344,GC1882,8,D4,1.0,
9.439267,4.350241,GC1883,8,D4,1.0,
10.312081,4.8392916,GC1884,8,D4,0.6,D3
10.241647,4.1760674,GC1886,8,D4,1.0,
8.272511,10.468912,GC1888,13,B,1.0,
11.642338,2.693633,GC1889,8,D4,1.0,
9.586186,0.63624233,GC1890,6,D2,0.9,D3
7.83613,0.6503379,GC1891,6,D2,0.9,E1/E2.1
14.509467,6.1772127,GC1893,2,F3,0.9,A2
10.140156,2.3796237,GC1894,6,D2,1.0,
10.671836,-2.152722,GC1895,1,D3,1.0,
9.48415,-2.0459957,GC1896,1,D3,1.0,
3.975572,-0.71376616,GC1897,5,E1/E2.1,1.0,
8.91788,4.747536,GC1898,8,D4,1.0,
12.6184435,1.301696,GC1900,8,D4,1.0,
11.521077,2.7057462,GC1901,8,D4,0.9,D2
7.6836824,0.25175914,GC1902,6,D2,0.9,E1/E2.1
12.418426,-2.7238057,GC1903,1,D3,1.0,
15.0381565,5.421989,GC1904,2,F3,0.9,A2
8.217824,9.092822,GC1905,13,B,0.5,C/D1
7.7905617,-1.0755424,GC1907,1,D3,0.9,D2
11.832871,1.9100851,GC1908,8,D4,1.0,
11.590066,2.33558,GC1912,8,D4,1.0,
9.861304,1.9756068,GC1914,6,D2,0.9,D3
10.272756,1.5835375,GC1915,6,D2,1.0,
4.7013288,-0.6507248,GC1916,5,E1/E2.1,1.0,
12.371075,11.447788,GC1918,0,A1,1.0,
11.553058,-2.542417,GC1919,1,D3,1.0,
11.433447,-3.1449294,GC1920,1,D3,1.0,
6.4036508,2.610766,GC1921,5,E1/E2.1,1.0,
7.547362,7.8430777,GC1922,9,C/D1,1.0,
9.618514,-1.4381053,GC1923,1,D3,1.0,
4.4479933,1.019063,GC1924,3,E2.2,0.5,E1/E2.1
7.812115,7.4621053,GC1926,9,C/D1,1.0,
11.325017,3.8391645,GC1927,8,D4,0.7,F3
12.921565,7.6130166,GC1928,11,A2,0.9,A1
11.855792,8.555886,GC1929,0,A1,0.8,A2
9.848402,1.8155487,GC1931,6,D2,1.0,
9.194102,1.7173983,GC1934,6,D2,1.0,
2.9358044,3.4612668,GC1935,3,E2.2,1.0,
8.580351,-0.8875976,GC1936,1,D3,1.0,
7.5465393,5.9863114,GC1937,9,C/D1,0.9,E1/E2.1
5.1495695,-0.7233464,GC1938,5,E1/E2.1,1.0,
12.954023,8.805904,GC1939,11,A2,0.6,A1
4.666334,2.0048394,GC1940,3,E2.2,1.0,
6.183924,1.4323934,GC1941,5,E1/E2.1,1.0,
10.295793,1.5917861,GC1942,6,D2,0.9,D3
4.0334406,1.8830304,GC1943,3,E2.2,1.0,
3.8484163,2.632464,GC1944,3,E2.2,0.9,E1/E2.1
3.2440543,2.9725788,GC1945,3,E2.2,1.0,
11.682651,-0.11027885,GC1946,1,D3,1.0,
11.569016,-0.17016403,GC1948,1,D3,1.0,
13.177184,8.588935,GC1950,11,A2,0.8,A1
10.307684,5.778023,GC1951,9,C/D1,0.5,A1
6.9165087,2.0421572,GC1953,5,E1/E2.1,0.9,C/D1
0.3449111,6.840168,GC1954,7,F1,1.0,
2.7601311,3.5980325,GC1955,3,E2.2,1.0,
-0.7934982,6.8477745,GC1956,7,F1,1.0,
8.163885,0.7807114,GC1958,6,D2,1.0,
11.233547,-0.3763153,GC1962,1,D3,1.0,
11.706869,-0.81882906,GC1963,1,D3,1.0,
-3.669812,10.297995,GC1964,4,F1,1.0,
13.476007,-1.9987912,GC1965,1,D3,1.0,
11.879418,-1.2842,GC1966,1,D3,1.0,
13.586419,-1.7844164,GC1967,1,D3,1.0,
4.2783284,-0.2792677,GC1969,5,E1/E2.1,1.0,
8.750826,-0.060162667,GC1970,1,D3,1.0,
12.828071,-0.83053946,GC1972,1,D3,1.0,
13.547586,-1.0213917,GC1973,1,D3,1.0,
12.114717,-1.128684,GC1974,1,D3,1.0,
10.785168,5.1966825,GC1975,8,D4,0.2,A1
12.219772,9.091337,GC1976,0,A1,1.0,
10.633741,-1.1145008,GC1977,1,D3,1.0,
11.2878275,-1.2600077,GC1979,1,D3,1.0,
9.884513,-0.41482943,GC1980,1,D3,1.0,
12.766924,-0.6556005,GC1981,1,D3,1.0,
13.112214,-1.5375992,GC1982,1,D3,1.0,
11.669083,-0.5592514,GC1985,1,D3,1.0,
12.689023,-0.81252325,GC1986,1,D3,1.0,
-3.6121197,10.351237,GC1988,4,F1,1.0,
13.067915,-1.2134327,GC1989,1,D3,1.0,
12.682571,-1.4145648,GC1990,1,D3,1.0,
13.038438,-1.3438694,GC1991,1,D3,1.0,
10.882684,-0.9861864,GC1992,1,D3,1.0,
11.103607,-0.7636727,GC1993,1,D3,1.0,
11.36351,-0.95393914,GC1994,1,D3,1.0,
8.556865,7.371251,GC1995,9,C/D1,1.0,
9.438089,-0.72842485,GC1996,1,D3,1.0,
11.554966,-0.9454945,GC1997,1,D3,1.0,
9.173046,-0.3819744,GC1998,1,D3,1.0,
12.433595,-0.6703727,GC2000,1,D3,1.0,
11.093828,-0.67086214,GC2001,1,D3,1.0,
14.011795,-1.6690916,GC2002,1,D3,1.0,
12.058295,-0.65318507,GC2003,1,D3,1.0,
12.110761,-0.95915234,GC2004,1,D3,1.0,
12.423802,-1.3663461,GC2005,1,D3,1.0,
10.792381,-0.3179165,GC2006,1,D3,1.0,
9.284184,-0.41677263,GC2007,1,D3,1.0,
10.9805975,-0.15021652,GC2008,1,D3,1.0,
13.16774,-0.7970856,GC2009,1,D3,1.0,
13.311903,-2.1243093,GC2010,1,D3,1.0,
14.196934,-2.4401953,GC2011,1,D3,1.0,
13.774545,-2.344198,GC2012,1,D3,1.0,
8.969814,-0.49052978,GC2013,1,D3,1.0,
9.424383,-0.21979624,GC2014,1,D3,1.0,
12.603923,-1.1141287,GC2016,1,D3,1.0,
12.629595,-2.097991,GC2017,1,D3,1.0,
-2.9790347,9.923203,GC2018,4,F1,1.0,
14.063338,-2.200123,GC2019,1,D3,1.0,
-3.3622499,10.332271,GC2020,4,F1,1.0,
11.514201,-0.42702788,GC2022,1,D3,1.0,
11.915007,-1.0311588,GC2023,1,D3,1.0,
13.775729,-1.9982592,GC2028,1,D3,1.0,
8.94014,7.3498263,GC2029,9,C/D1,0.6,A1
8.638007,6.996933,GC2030,9,C/D1,0.9,A1
13.394816,-1.2758292,GC2031,1,D3,1.0,
13.344089,-1.6265461,GC2032,1,D3,1.0,
13.503318,-1.4802508,GC2034,1,D3,1.0,
10.921165,-0.47564992,GC2035,1,D3,0.8,D4
10.298979,-1.382282,GC2037,1,D3,1.0,
9.033602,6.969831,GC2038,9,C/D1,0.6,A1
15.952659,4.4257765,GC2039,2,F3,1.0,
-0.5767771,6.5373516,GC2041,7,F1,1.0,
10.37113,-2.2037342,GC2042,1,D3,1.0,
4.824996,0.5277906,GC2043,5,E1/E2.1,0.9,E2.2
1.3047915,9.5434475,GC2044,7,F1,1.0,
11.553684,9.4430275,GC2045,0,A1,1.0,
11.501829,2.0122943,GC2047,8,D4,0.9,D2
2.8216765,2.2459655,GC2048,3,E2.2,1.0,
2.7916446,2.7634852,GC2049,3,E2.2,1.0,
2.166013,2.6354074,GC2051,3,E2.2,1.0,
-0.074241616,9.600912,GC2052,7,F1,1.0,
3.8924086,-1.0010755,GC2053,5,E1/E2.1,0.9,E2.2
0.24962792,7.7262025,GC2054,7,F1,1.0,
-0.20769453,7.3863025,GC2056,7,F1,1.0,
1.1449466,8.212676,GC2057,7,F1,1.0,
6.7496657,7.9721375,GC2058,9,C/D1,1.0,
0.9938212,8.274162,GC2059,7,F1,1.0,
0.8208968,7.9748816,SN0004,7,F1,1.0,
11.888801,8.73432,SN0023,0,A1,1.0,
4.3596697,1.9176556,SN0096,3,E2.2,1.0,
3.0873427,1.1571803,SN0140,3,E2.2,1.0,
1.5602381,1.1095299,SN0150,3,E2.2,1.0,
1.6681689,5.752603,SN0154,14,E3,1.0,
2.1336834,5.1323667,SN0209,14,E3,1.0,
2.5360188,5.7227926,SN0213,14,E3,1.0,
11.882614,9.1336565,SN0459,0,A1,1.0,
9.719641,-1.1372902,SN0827,1,D3,1.0,
-0.608894,6.647463,SN0927,7,F1,0.7,E2.2
7.4337435,5.380598,SN0942,9,C/D1,0.8,E1/E2.1
3.6768403,-0.4567688,SN0943,5,E1/E2.1,1.0,
2.8258393,5.4341607,SN0962,14,E3,1.0,
2.0124834,5.218054,SN0971,14,E3,0.9,D3
14.403718,-2.1489766,SN1000,1,D3,1.0,
12.928636,0.23853625,SN1007,8,D4,0.5,D3
16.700346,5.523038,SN1011,2,F3,1.0,
6.798218,7.387344,SN1021,9,C/D1,1.0,
13.422944,5.008381,SN1047,2,F3,1.0,
13.5035515,5.000705,SN1104,2,F3,1.0,
11.795059,2.1768157,SN1138,8,D4,1.0,
8.977911,-1.2030079,SN1180,1,D3,1.0,
1.6847904,8.348382,SN1183,7,F1,1.0,
11.243329,-0.8006071,SN1192,1,D3,1.0,
12.512914,9.145395,SN1198,0,A1,1.0,
13.119364,7.219705,SN1238,11,A2,0.7,A1
12.734563,1.6746613,SN1247,8,D4,0.8,D3
12.834826,1.3819035,SN1259,8,D4,0.8,D3
12.425866,1.2458495,SN1267,8,D4,0.8,D3
2.854147,0.285256,SN1269,5,E1/E2.1,0.4,E2.2
12.882709,1.0406482,SN1288,8,D4,0.8,D3
12.885171,1.5881903,SN1289,8,D4,0.9,D3
-2.7426949,3.1027992,SN1292,10,E3,1.0,
11.487107,10.017394,SN1302,0,A1,0.9,A2
-2.902974,8.456918,SN1331,4,F1,1.0,
2.899932,0.57114226,SN1341,3,E2.2,1.0,
-0.5700697,2.4353848,SN1343,10,E3,1.0,
11.638646,8.561142,SN1354,0,A1,1.0,
14.262367,4.838482,SN1360,2,F3,1.0,
12.399772,2.1851177,SN1367,8,D4,1.0,
11.525283,2.7961254,SN1370,8,D4,0.9,F3
11.292476,3.0677788,SN1373,8,D4,0.9,F3
15.693985,6.501157,SN1378,2,F3,1.0,
12.809543,7.9500294,SN1379,11,A2,0.7,A1
2.1399987,5.3799176,SN1402,14,E3,1.0,
2.68468,5.7512527,SN1405,14,E3,1.0,
2.2283356,5.080322,SN1407,14,E3,0.8,E2.2
3.080452,0.7206701,SN1432,3,E2.2,0.9,E1/E2.1
11.833492,8.239941,SN1461,0,A1,1.0,
6.0255194,1.5621002,SN1478,5,E1/E2.1,1.0,
2.3764853,1.9423995,SN1533,3,E2.2,0.8,E3
1.9781842,5.1386843,SN1560,14,E3,1.0,
2.610437,5.4056554,SN1578,14,E3,1.0,
2.4053094,5.6096416,SN1593,14,E3,1.0,
1.7519232,6.054082,SN1595,14,E3,1.0,
1.4064307,5.3565307,SN1600,14,E3,1.0,
2.1915667,5.863473,SN1613,14,E3,1.0,
4.0025773,1.7892642,SN1772,3,E2.2,0.8,E1/E2.1
0.47969568,0.8321859,SN1783,3,E2.2,1.0,
4.0456777,1.9379038,SN1807,3,E2.2,0.9,E1/E2.1
10.892453,9.100933,SN1851,0,A1,1.0,
12.547091,8.247333,SN1854,0,A1,0.7,A2
1.1014152,7.4671054,SN1867,7,F1,1.0,
1.2869107,7.974662,SN1884,7,F1,1.0,
11.23323,8.797884,SN1926,0,A1,1.0,
11.172815,8.987227,SN1932,0,A1,1.0,
